VH_aa_pos,VL_aa_pos,MI_corrected
2,2,0.0001812099617838956
2,36,0.0012429299583594964
2,46,0.00017813922588394258
2,48,0.0004165230889085368
2,49,0.000196853863889835
2,64,
2,66,0.0032360006046980292
2,68,0.0002654040692965614
2,71,0.00038320440149212215
47,2,0.0007793097854833612
47,36,0.001993724231951958
47,46,0.000241996690283342
47,48,0.00018627075238340736
47,49,0.00014246183549741765
47,64,
47,66,0.0014182802275181216
47,68,0.00042091406411998904
47,71,0.0008576412351687352
48,2,0.00014715406448605867
48,36,0.0006255626833346957
48,46,0.00007689968515683152
48,48,0.00006848335402890191
48,49,0.00009456703685895327
48,64,
48,66,0.006351285178009888
48,68,0.00011634828336220107
48,71,0.00026874551506306005
67,2,0.0006855552450217333
67,36,0.0016588203916619504
67,46,0.00026949792901743443
67,48,0.0003070139130461912
67,49,0.00016264902976746644
67,64,
67,66,0.007249038283082157
67,68,0.000519917185155446
67,71,0.0008867363731592909
69,2,0.0008327446924673542
69,36,0.002060147332917233
69,46,0.00023498686906088653
69,48,0.0003236544887465002
69,49,0.00023592228727482308
69,64,
69,66,0.011908206230778574
69,68,0.0003980942267807721
69,71,0.0008883382330152984
71,2,0.0005653229162689024
71,36,0.0016082429517511444
71,46,0.00019315356532430148
71,48,0.0001308509479107502
71,49,0.00011626229789773039
71,64,
71,66,0.0038719453937583054
71,68,0.0003754253869874283
71,71,0.0007990838611959467
78,2,0.0005207716735173806
78,36,0.001716190985975369
78,46,0.0001876839921899692
78,48,0.00015781652777480077
78,49,0.00010442935333283619
78,64,
78,66,0.0037574918317809917
78,68,0.00031478042812011983
78,71,0.0006586837248422673
93,2,0.00028836492473844407
93,36,0.001129198025703305
93,46,0.00007045825738873933
93,48,0.00008186668754466105
93,49,0.00012017505226789092
93,64,
93,66,0.0036273679767174407
93,68,0.00017094909205544334
93,71,0.0005464360910745432
94,2,0.0007487909526182468
94,36,0.0012356532751172976
94,46,0.0004219778973436576
94,48,0.00042930310948699436
94,49,0.0001966217447745223
94,64,
94,66,0.007794454940545869
94,68,0.0006427876568359265
94,71,0.0010962662209055515
