aho_aa_pos,region,omega,s5f_weight,n_valid
1,FR1,0.15900820561624282,0.6007651815035656,1469735
2,FR1,1.0405996960693142,0.6347108400377233,1469736
3,FR1,0.12954106929145398,2.1050765243095713,1469734
4,FR1,0.22803903023609648,2.4506195025470903,1469730
5,FR1,0.8426684603155191,0.5885892536219848,1469727
6,FR1,0.09126375842793753,0.7137633724717759,1469729
7,FR1,0.12912891488906328,0.6053748285113313,1469728
9,FR1,0.2948965647236228,0.3055043667639592,1469716
10,FR1,1.3083896752706075,0.4322504752688081,1469713
11,FR1,0.7936654043060523,0.8211142557916857,1469706
12,FR1,0.6643192488262911,0.6838295492789116,1469676
13,FR1,0.24202309222047427,0.7622088942134256,1469669
14,FR1,0.994276664208621,0.24543970046572014,1469649
15,FR1,0.17008574676473465,1.9124329693472253,1469619
16,FR1,0.25417174339142873,0.2717762135445229,1469625
17,FR1,2.3324657232934967,0.19636240273659855,1469634
18,FR1,0.24799352416382486,0.41795784838257327,1469652
19,FR1,0.3804152264975851,0.6289659635544201,1469637
20,FR1,0.7315752582038736,0.6709686863860952,1469623
21,FR1,0.8340556759459911,0.43185266952684104,1469597
22,FR1,0.29632072982244506,0.7638459176589949,1469594
23,FR1,0.0016833728670900606,0.6720091806444749,1469583
24,FR1,5.486056219192681,0.32437795410857895,1468868
25,FR1,1.282032013774386,0.9872727688299467,1468749
39,FR2,0.6947061695114418,1.1125014410685132,1467476
42,FR2,0.4037078299857505,1.5879584411384597,1468063
44,FR2,1.9559061488673142,0.2851444185752991,1467434
45,FR2,0.012823787871046852,0.8466764940974673,1467392
46,FR2,0.29102398713706135,0.22035364112787412,1467388
47,FR2,4.435060565275909,0.2571225054699811,1467388
48,FR2,0.20006180771295196,0.886511778582091,1467376
49,FR2,0.15441835964749934,1.0128370991948805,1467358
65,FR3,0.4634951322671872,1.153518485971717,1465829
66,FR3,1.3055833033111717,1.7627818451070218,1465939
67,FR3,0.8427288912352432,1.2848602162019904,1466057
68,FR3,1.8781396366256626,1.1211252830009373,1466700
69,FR3,0.7065298619641124,1.679360306546074,1466780
70,FR3,0.21800783481596342,1.413520312644162,1467288
71,FR3,0.948902222972118,1.3674372563944346,1467284
72,FR3,0.4706071595694899,0.49296793162165464,1467543
73,FR3,1.0678062015503875,0.9297369212551664,1467860
74,FR3,1.1510967633388716,0.6853225246326781,1468018
75,FR3,1.6272612223628378,0.2765697205770885,1468099
76,FR3,1.417691056910569,0.44309091105505094,1468376
77,FR3,0.21702111228026144,1.4919544300137655,1469072
78,FR3,2.5022771478722903,0.3035643948012537,1469211
79,FR3,1.8928193753062854,0.5583444636077554,1469230
80,FR3,0.9385558969242802,0.9073255344264464,1469254
81,FR3,0.46925590133137296,0.8815366136937866,1469273
82,FR3,0.8519347518108459,1.0809176809520256,1469209
83,FR3,0.4465592972181552,0.17704693806179214,1469230
84,FR3,0.3386510747435271,0.9434815010981986,1468992
85,FR3,0.8354308332487567,0.7096307691411985,1468896
86,FR3,0.8892844935627207,0.5057640313189151,1468734
87,FR3,0.33034869845759496,1.629489667474064,1469029
88,FR3,0.274446205143442,2.61733779925298,1469231
89,FR3,1.25503477472029,1.904804380512833,1469362
90,FR3,0.6821663674446439,0.6415974948648201,1469493
91,FR3,0.26707467683947633,2.098469419942864,1469552
92,FR3,0.20874666854495302,1.98571518078705,1469555
94,FR3,0.6296292281006072,0.9960975619474636,1469480
95,FR3,0.34164985474499676,0.8920817460724421,1469575
96,FR3,0.3886340836194594,1.018902845805064,1469670
97,FR3,1.6547702519515728,0.6159824435303038,1469665
98,FR3,5.8133083114768915,0.3183661317218087,1469689
99,FR3,0.24796485624661532,1.1886878770463047,1469683
100,FR3,0.025384201871995953,0.2276380640658998,1469694
101,FR3,1.4747593275540016,0.3005798017784466,1469721
102,FR3,1.3313744964961651,0.2609036710393596,1469721
103,FR3,0.35491779095700526,5.757868269860768,1469723
104,FR3,0.05196673217693469,1.0108823720549156,1469714
105,FR3,0.1367425016996905,2.7456568003467035,1469729
106,FR3,0.0003406443173714976,0.4528032287099792,1469730
107,FR3,2.265869929047922,0.6107289702616664,1469731
108,FR3,0.17702935441530163,1.8974565902754919,1469733
26,CDR1,0.34066956553782657,0.7818966506958093,1468681
27,CDR1,0.35656935190793454,1.1894442632544764,1468446
29,CDR1,0.40330247220015886,0.5806165228514444,1468153
30,CDR1,1.7369726639505847,1.3159849148763998,1468057
31,CDR1,0.23930465326444658,0.8452587148501042,1468051
32,CDR1,0.5673453820627602,1.2948510988669473,1467409
33,CDR1,0.6106779791206076,2.158418664037679,1467643
34,CDR1,1.2831819414316705,0.8178357375146844,190827
38,CDR1,1.0917074728550138,0.9200031724633807,216046
50,CDR2,0.482877095492942,0.44186352535710793,1467379
51,CDR2,0.1305609948813082,2.098631283458776,1467392
52,CDR2,1.0253091926034859,0.5980846966957567,1467407
53,CDR2,0.1270079455693548,0.8840286104259253,1467405
56,CDR2,0.3366247833873295,2.488091721052364,1467290
58,CDR2,0.5600469369588087,1.4261632630408616,1466624
59,CDR2,0.8706168492046912,0.9672062387843551,1466079
60,CDR2,2.132819836560171,1.4449905771712916,1465701
61,CDR2,0.7251446724734519,0.9421458665967667,1129312
62,CDR2,7.528580208973571,0.6723742508231162,51199
64,CDR2,0.3932804232804233,1.3919488306964787,71823
