isotype,phi_S_n,phi_A_n,phi_R_n
IgM,0.008962368064184496,0.23777493472362723,0.6221455481523457
IgM,0.09757637954415499,0.23777493472362723,0.11320327271874561
IgM,0.035849472256737985,0.13863931107322508,0.6035733264849645
IgM,0.008962368064184496,0.4312680565175427,0.5227886761432577
IgM,0.02688710419255349,0.16278609890879728,0.4815898089682164
IgM,0.050618474170066395,0.13863931107322508,0.390807178962165
IgM,0.09543031449098888,0.06362205315268774,0.6217501992859089
IgM,0.19250185945420664,0.33682539644815823,0.11141089054610429
IgM,0.017924736128368993,0.19391314685253516,0.5370662483759745
IgM,0.13393068638183023,0.053306032556634346,0.6325919361779403
IgM,0.008962368064184496,0.23777493472362723,0.6038279301293074
IgM,0.0416561061058819,0.16278609890879728,0.32966776386141605
IgM,0.3290834454701401,0.035224348284423,0.39014590435483393
IgM,0.2257004320768413,0.035224348284423,0.4935758359166318
IgM,0.14289305444601472,0.04388810642886791,0.5717954856177773
IgM,0.017924736128368993,0.19391314685253516,0.5181718856477853
IgM,0.1392324856500369,0.13863931107322508,0.11589302284929513
IgM,0.12496831831764572,0.06362205315268774,0.5340094257325881
IgM,0.0416561061058819,0.16278609890879728,0.29774397447747364
IgM,0.07119410993253875,0.16278609890879728,0.15393989950349707
IgM,0.16031295599344647,0.07502568358755965,0.23857536197376694
IgM,0.29323397321340217,0.07502568358755965,0.1883687361754694
IgM,0.047462739955025826,0.19391314685253516,0.264756357906082
IgM,0.0775055783626199,0.08777357956135062,0.42282186232791336
IgM,0.10704358218927673,0.08777357956135062,0.37327787331581463
IgM,0.035849472256737985,0.13863931107322508,0.5779141397785131
IgM,0.017924736128368993,0.19391314685253516,0.4784189894082997
IgM,0.053774208385106985,0.10222555180886596,0.521083560862046
IgM,0.2731631720318671,0.019735000080812835,0.43206632450072213
IgM,0.0416561061058819,0.16278609890879728,0.2929339810820504
IgM,0.044811840320922475,0.11890852374394999,0.5366241671549016
IgM,0.07119410993253875,0.16278609890879728,0.12730996867780983
IgM,0.2642008039676826,0.02720287761399007,0.5156317524992774
IgM,0.2515778671075203,0.11890852374394999,0.1349446350518029
IgM,0.13973732023097413,0.06362205315268774,0.495116774751148
IgM,0.08015647799672324,0.13863931107322508,0.19532274736276828
IgM,0.13973732023097413,0.06362205315268774,0.4923551987397094
IgM,0.014769001913328417,0.31271645008661253,0.32022137887099783
IgM,0.15766205635934313,0.04388810642886791,0.36635071200426966
IgM,0.0595808422342509,0.11890852374394999,0.38124893223841516
IgM,0.050618474170066395,0.13863931107322508,0.3772247261540289
IgM,0.03850037189084134,0.23777493472362723,0.28902373865585335
IgM,0.02373136997751291,0.23777493472362723,0.29174986699154837
IgM,0.06223174186835425,0.35651520376903995,0.19424653823176083
IgM,0.12181258410260513,0.08777357956135062,0.1785926079281815
IgM,0.02953800382665683,0.31271645008661253,0.2856876047485489
IgM,0.047462739955025826,0.19391314685253516,0.2145783830115738
IgM,0.08911884606090772,0.11890852374394999,0.17480614756867974
IgM,0.035849472256737985,0.13863931107322508,0.4983289193196926
IgM,0.2457712332583764,0.31271645008661253,0.09813544526985928
IgM,0.1988133278842878,0.06362205315268774,0.21136539255363324
IgM,0.10969448182338006,0.13863931107322508,0.16330084399318576
IgM,0.053774208385106985,0.10222555180886596,0.4815110731693755
IgM,0.06803837571749816,0.23777493472362723,0.1739595014659127
IgM,0.12761921795174905,0.10222555180886596,0.13821091875875813
IgM,0.06854321029843541,0.10222555180886596,0.32764430937151784
IgM,0.3438524473834686,0.035224348284423,0.2814392213842825
IgM,0.06273657644929148,0.08777357956135062,0.5930260017610228
IgM,0.1101993164043173,0.06362205315268774,0.5695879653196488
IgM,0.035849472256737985,0.13863931107322508,0.43949909612906796
IgM,0.1160059502534612,0.07502568358755965,0.41283486257263163
IgM,0.1160059502534612,0.07502568358755965,0.3643675428272364
IgM,0.0595808422342509,0.11890852374394999,0.21738021346531952
IgM,0.008962368064184496,0.23777493472362723,0.3233037005713315
IgM,0.13973732023097413,0.06362205315268774,0.33670975832787536
IgM,0.05642510801921032,0.16278609890879728,0.2708951089455897
IgM,0.21093143016351285,0.035224348284423,0.549703639017861
IgM,0.13077495216678964,0.07502568358755965,0.31594811040591214
IgM,0.10704358218927673,0.08777357956135062,0.31286746467765114
IgM,0.23731369977512912,0.053306032556634346,0.20221180566454416
IgM,0.12446348373670847,0.13863931107322508,0.16252500481700483
IgM,0.08015647799672324,0.13863931107322508,0.192442461677665
IgM,0.044811840320922475,0.11890852374394999,0.3955656302270888
IgM,0.4414288269276236,0.02720287761399007,0.40717069799086864
IgM,0.09808121412509223,0.10222555180886596,0.2210752787257394
IgM,0.22254469786180073,0.053306032556634346,0.21136539255363324
IgM,0.050618474170066395,0.13863931107322508,0.35983672901087904
IgM,0.017924736128368993,0.19391314685253516,0.330677369251042
IgM,0.050618474170066395,0.13863931107322508,0.32660779362939035
IgM,0.08646794642680439,0.07502568358755965,0.5145421717145171
IgM,0.0922745802759483,0.08777357956135062,0.3879426912695672
IgM,0.1012369483401328,0.07502568358755965,0.4566815642949888
IgG,0.0,0.31271645008661253,0.7191304017736722
IgG,0.017924736128368993,0.19391314685253516,0.5405548006744374
IgG,0.050618474170066395,0.13863931107322508,0.3833869445111345
IgG,0.0,1.0,0.6256910599845777
IgG,0.0,1.0,0.4906105355306106
IgG,0.02688710419255349,0.16278609890879728,0.5378199875256444
IgG,0.30270117585852396,0.019735000080812835,0.5125049422445811
IgG,0.017924736128368993,0.19391314685253516,0.52225926954261
IgG,0.35230998086671583,0.07502568358755965,0.2366047835082705
IgG,0.0,0.31271645008661253,0.50859247878205
IgG,0.2963897074284428,0.053306032556634346,0.31261998117625334
IgG,0.02953800382665683,0.31271645008661253,0.22204566372473597
IgG,0.10704358218927673,0.08777357956135062,0.49180943433924906
IgG,0.3053520754926272,0.04388810642886791,0.3916259267687271
IgG,0.0416561061058819,0.16278609890879728,0.44834240686302107
IgG,0.0775055783626199,0.08777357956135062,0.7037044661819468
IgG,0.008962368064184496,0.23777493472362723,0.5001720724949708
IgG,0.13342585180089298,0.25749309461253356,0.06483005729605518
IgG,0.18404432597095935,0.06362205315268774,0.29439777212261936
IgG,0.115501115672524,0.16278609890879728,0.0987388724764454
IgG,0.0416561061058819,0.16278609890879728,0.3149692985318202
IgG,0.017924736128368993,0.19391314685253516,0.2694995569874759
IgG,0.044811840320922475,0.11890852374394999,0.5368171902169633
IgG,0.0,0.31271645008661253,0.5072748142422061
IgG,0.0595808422342509,0.11890852374394999,0.4607306204043184
IgG,0.06854321029843541,0.10222555180886596,0.5212622545041904
IgG,0.008962368064184496,0.23777493472362723,0.4591060147030879
IgG,0.21623322943171955,0.10222555180886596,0.12561608711631764
IgG,0.15450632214430254,0.06362205315268774,0.44097995647452404
IgG,0.0775055783626199,0.08777357956135062,0.5040854198815039
IgG,0.12181258410260513,0.08777357956135062,0.42937621591191616
IgG,0.17823769212181548,0.053306032556634346,0.38316426706386564
IgG,0.13658158601593356,0.08777357956135062,0.32356759762188736
IgG,0.18038375717498156,0.35651520376903995,0.0
IgG,0.14554395408011805,0.07502568358755965,0.47334928508487817
IgG,0.25523843590349804,0.035224348284423,0.508704490335578
IgG,0.050618474170066395,0.13863931107322508,0.36579476913737946
IgG,0.0,0.31271645008661253,0.42360749446701756
IgG,0.14289305444601472,0.04388810642886791,0.5738509147389693
IgG,0.14554395408011805,0.07502568358755965,0.3541879356910287
IgG,0.035849472256737985,0.13863931107322508,0.5854893750105021
IgG,0.25208270168845753,0.053306032556634346,0.3703160496870849
IgG,0.02688710419255349,0.16278609890879728,0.5140006825838243
IgG,0.014769001913328417,0.31271645008661253,0.377566152372185
IgG,0.06854321029843541,0.10222555180886596,0.5040854198815039
IgG,0.37919708505926936,0.04388810642886791,0.3362048700738517
IgG,0.19250185945420664,0.11890852374394999,0.10389263023869384
IgG,0.4261549904333579,0.07502568358755965,0.21268886791730335
IgG,0.16611958984259037,0.08777357956135062,0.2091650067902728
IgG,0.08280737763082657,0.23777493472362723,0.18536897081734213
IgG,0.1160059502534612,0.07502568358755965,0.50993942518516
IgG,0.14869968829515864,0.053306032556634346,0.5383702773469464
IgG,0.0595808422342509,0.33682539644815823,0.2136921089939517
IgG,0.0,0.31271645008661253,0.4107177579833212
IgG,0.0416561061058819,0.16278609890879728,0.2685817604414702
IgG,0.008962368064184496,0.23777493472362723,0.42648428336919
IgG,0.26104506975264197,0.04388810642886791,0.43815361542363934
IgG,0.28477643973015493,0.035224348284423,0.46431755823248544
IgG,0.18985095982010328,0.07502568358755965,0.2785397872661734
IgG,0.340696713168428,0.053306032556634346,0.23997732256453716
IgG,0.12181258410260513,0.08777357956135062,0.4281832828533495
IgG,0.035849472256737985,0.13863931107322508,0.5018924819944219
IgG,0.2167380640126568,0.04388810642886791,0.4531275709643545
IgG,0.050618474170066395,0.13863931107322508,0.2863896506607545
IgG,0.2700074378168265,0.035224348284423,0.4922261890058379
IgG,0.06854321029843541,0.10222555180886596,0.18729340573437664
IgG,0.2963897074284428,0.053306032556634346,0.2549919711352994
IgG,0.15400148756336532,0.13863931107322508,0.15782237507260466
IgG,0.20512479631436895,0.02720287761399007,0.6077621151856418
IgG,0.02688710419255349,0.16278609890879728,0.5079739813308809
IgG,0.3116635439227084,0.012749212613976702,0.40708830826419407
IgG,0.2193889636467601,0.07502568358755965,0.26352097965181875
IgG,0.17773285754087823,0.11890852374394999,0.13032283508283043
IgG,0.358621449296797,0.035224348284423,0.4011819538401007
IgG,0.0595808422342509,0.11890852374394999,0.36579476913737946
IgG,0.28477643973015493,0.035224348284423,0.4600999763946841
IgG,0.15135058792926198,0.08777357956135062,0.27186629698842635
IgG,0.1160059502534612,0.07502568358755965,0.49180943433924906
IgG,0.08596311184586716,0.16278609890879728,0.10678908990954109
IgG,0.12181258410260513,0.08777357956135062,0.39147140736707464
IgG,0.1101993164043173,0.06362205315268774,0.5999048760729181
IgG,0.4182022915310479,0.0,0.3819566190372507
IgG,0.014769001913328417,0.31271645008661253,0.3554556397331794
IgG,0.1012369483401328,0.07502568358755965,0.5494797798497936
IgG,0.02373136997751291,0.23777493472362723,0.22260627787159287
IgA,0.0,0.31271645008661253,0.6525764168189556
IgA,0.0,0.31271645008661253,0.5273657689669548
IgA,0.017924736128368993,0.19391314685253516,0.41066875167732125
IgA,0.008962368064184496,0.23777493472362723,0.6145939095892666
IgA,0.0,0.31271645008661253,0.48613209669665647
IgA,0.02688710419255349,0.16278609890879728,0.4709939471181331
IgA,0.050618474170066395,0.13863931107322508,0.4316901079965925
IgA,0.1988133278842878,0.26190751803610074,0.12473768983418827
IgA,0.008962368064184496,0.23777493472362723,0.5934821095042836
IgA,0.053774208385106985,0.10222555180886596,0.748116831815859
IgA,0.008962368064184496,0.23777493472362723,0.4597459418586268
IgA,0.18353949139002215,0.367889419361687,0.12313417603195735
IgA,0.035849472256737985,0.13863931107322508,0.5009166244748674
IgA,0.33804581353432467,0.02720287761399007,0.39014590435483393
IgA,0.0,0.31271645008661253,0.47042091227203875
IgA,0.0,0.31271645008661253,0.3661967982668386
IgA,0.06273657644929148,0.08777357956135062,0.5987741743516014
IgA,0.044811840320922475,0.11890852374394999,0.6925936552779629
IgA,0.008962368064184496,0.23777493472362723,0.43679151666079424
IgA,0.0416561061058819,0.16278609890879728,0.3063838863724594
IgA,0.08911884606090772,0.11890852374394999,0.2983080426562861
IgA,0.20146422751839113,0.10222555180886596,0.23204981625864635
IgA,0.20727086136753506,0.11890852374394999,0.18444837527819427
IgA,0.008962368064184496,0.23777493472362723,0.3922227405795497
IgA,0.0,0.31271645008661253,0.3365946107221965
IgA,0.02688710419255349,0.16278609890879728,0.4476763823961749
IgA,0.32327681162099625,0.02720287761399007,0.41063848492158483
IgA,0.02373136997751291,0.23777493472362723,0.2588201922978611
IgA,0.06854321029843541,0.10222555180886596,0.4214455610782736
IgA,0.0775055783626199,0.08777357956135062,0.42282186232791336
IgA,0.06854321029843541,0.10222555180886596,0.3236948919601718
IgA,0.0595808422342509,0.11890852374394999,0.3460992330603398
IgA,0.7135823297976163,0.0,0.5589307001810815
IgA,0.13973732023097413,0.06362205315268774,0.3600507334062492
IgA,0.044811840320922475,0.11890852374394999,0.6438205162382612
IgA,0.13342585180089298,0.11890852374394999,0.19574619734173745
IgA,0.181393426336856,0.035224348284423,0.6722675418198142
IgA,0.017924736128368993,0.19391314685253516,0.2694995569874759
IgA,0.30270117585852396,0.019735000080812835,0.6099543252526802
IgA,0.0,1.0,0.29961629804844186
IgA,0.46831593112017705,0.006187028939593602,0.5023499367158827
IgA,0.2046199617334317,0.07502568358755965,0.20290618192038495
IgA,0.09176974569501108,0.35651520376903995,0.15802130775538706
IgA,0.36707898278004425,0.07502568358755965,0.18241198422615368
IgA,0.09492547991005165,0.13863931107322508,0.2932601185184385
IgA,0.18720006018599994,0.04388810642886791,0.38316426706386564
IgA,0.2257004320768413,0.035224348284423,0.4852780402242099
IgA,0.24312033362427304,0.06362205315268774,0.272370737171471
IgA,0.09808121412509223,0.10222555180886596,0.2987562412234962
IgA,0.008962368064184496,0.23777493472362723,0.3560518413491807
IgA,0.1191616844685018,0.053306032556634346,0.4951966985431566
IgA,0.1012369483401328,0.07502568358755965,0.6520148214975692
IgA,0.19250185945420664,0.11890852374394999,0.19488285622186832
IgA,0.050618474170066395,0.13863931107322508,0.35630961294305274
IgA,0.06223174186835425,0.35651520376903995,0.1787284390984853
IgA,0.10704358218927673,0.08777357956135062,0.39469939648084396
IgA,0.4055793546708856,0.06362205315268774,0.20723539595338503
IgA,0.26685170360178595,0.053306032556634346,0.22493379005941
IgA,0.05642510801921032,0.16278609890879728,0.2125986585508966
IgA,0.23466280014102578,0.02720287761399007,0.5088512052861972
IgA,0.03269373804169741,0.19391314685253516,0.23485704453117004
IgA,0.15766205635934313,0.04388810642886791,0.48728283643569353
IgA,0.035849472256737985,0.13863931107322508,0.4607756705515309
IgA,0.1687704894766937,0.28162094681234334,0.15481107787645884
IgA,0.16346869020848703,0.053306032556634346,0.4341707361157782
IgA,0.1956575936692472,0.08777357956135062,0.26778842592622887
IgA,0.053774208385106985,0.10222555180886596,0.48531095351658665
IgA,0.2700074378168265,0.035224348284423,0.44888519615136246
IgA,0.19300669403514387,0.053306032556634346,0.35176614148695606
IgA,0.1191616844685018,0.053306032556634346,0.44548954942135616
IgA,0.29058307357929886,0.04388810642886791,0.3706591211182665
IgA,0.1012369483401328,0.07502568358755965,0.4918986364363563
IgA,0.3259277112550996,0.18251372785779824,0.10269123607942165
IgA,0.13973732023097413,0.06362205315268774,0.2870839634560894
IgA,0.008962368064184496,0.4312680565175427,0.3182026955104922
IgA,0.14289305444601472,0.04388810642886791,0.626104546991894
IgA,0.10969448182338006,0.13863931107322508,0.23095796245902314
IgA,0.1101993164043173,0.06362205315268774,0.5736877323079161
IgA,0.08015647799672324,0.13863931107322508,0.2984206375238853
IgA,0.11285021603842064,0.10222555180886596,0.26870056120811603
IgA,0.29058307357929886,0.04388810642886791,0.2840857588593932
IgA,0.10969448182338006,0.13863931107322508,0.1592061912706899
IgA,0.20727086136753506,0.11890852374394999,0.16933560793432004
IgA,0.014769001913328417,1.0,0.2851339916831175
IgA,0.14289305444601472,0.04388810642886791,0.5185214943272353
IgA,0.050618474170066395,0.13863931107322508,0.3351027880636623
IgA,0.11865684988756457,0.11890852374394999,0.24530671603647813
IgA,0.0886140114799705,0.31271645008661253,0.20587464994817736
IgA,0.1629638556275498,0.25749309461253356,0.15684359836114417
IgA,0.2009593929374539,0.23777493472362723,0.11585393690378354
other,0.10704358218927673,0.08777357956135062,0.4054922024364749
other,0.2515778671075203,0.11890852374394999,0.16889605716695907
other,0.053774208385106985,0.10222555180886596,0.42151409600383877
other,0.0775055783626199,0.08777357956135062,0.707678999625227
other,0.02373136997751291,0.23777493472362723,0.5174656953576172
other,0.2198937982276974,0.02720287761399007,0.36635071200426966
other,0.12181258410260513,0.08777357956135062,0.3879758784948835
other,0.02373136997751291,0.23777493472362723,0.34177290380185393
other,0.115501115672524,0.16278609890879728,0.16917576028756368
other,0.16346869020848703,0.053306032556634346,0.49597567696373773
other,0.02688710419255349,0.16278609890879728,0.6551727850001557
other,0.06854321029843541,0.10222555180886596,0.32764430937151784
other,0.017924736128368993,0.35651520376903995,0.4645411401685035
other,0.014769001913328417,0.31271645008661253,0.48800081920845
other,0.1160059502534612,0.07502568358755965,0.3901914290570129
other,0.08015647799672324,0.13863931107322508,0.192442461677665
other,0.15400148756336532,0.13863931107322508,0.12166919044314857
other,0.047462739955025826,0.19391314685253516,0.34488083599377795
other,0.0775055783626199,0.08777357956135062,0.5782355099855842
other,0.08646794642680439,0.07502568358755965,0.4566815642949888
other,0.2731631720318671,0.019735000080812835,0.43206632450072213
other,0.1719262236917343,0.10222555180886596,0.20255125289412423
other,0.047462739955025826,0.19391314685253516,0.31433433041109643
other,0.044811840320922475,0.11890852374394999,0.3955656302270888
other,0.02688710419255349,0.16278609890879728,0.475266180466665
other,0.17243105827267155,0.04388810642886791,0.4007214822921206
other,0.1750819579067749,0.07502568358755965,0.2785397872661734
other,0.017924736128368993,0.19391314685253516,0.5786020091947076
other,0.03850037189084134,0.23777493472362723,0.34022672125814435
other,0.13658158601593356,0.08777357956135062,0.37538237404962005
other,0.13658158601593356,0.08777357956135062,0.2848340444686276
other,0.017924736128368993,0.19391314685253516,0.5215021659111689
other,0.03850037189084134,0.23777493472362723,0.29685038602827907
other,0.44458456114266415,0.012749212613976702,0.48163435586582387
other,0.0595808422342509,0.11890852374394999,0.21738021346531952
other,0.05326937380416975,0.23777493472362723,0.14301995683932717
other,0.16611958984259037,0.08777357956135062,0.2551225084876816
other,0.008962368064184496,0.23777493472362723,0.6301557528816987
other,0.0775055783626199,0.08777357956135062,0.558684297969678
other,0.008962368064184496,0.23777493472362723,0.5434726021119044
other,0.050618474170066395,0.13863931107322508,0.37255875283617196
other,0.07119410993253875,0.16278609890879728,0.21147200868894495
other,0.08066131257766046,0.06362205315268774,0.5742765132783771
other,0.13077495216678964,0.07502568358755965,0.3893104614874672
other,0.13973732023097413,0.06362205315268774,0.4923551987397094
other,0.1719262236917343,0.10222555180886596,0.19771244890539014
other,0.050618474170066395,0.13863931107322508,0.31406477926326193
other,0.18720006018599994,0.04388810642886791,0.2027160611401859
other,0.1101993164043173,0.06362205315268774,0.5088598742917229
other,0.03269373804169741,0.35651520376903995,0.2816016885067237
other,0.1360767514349963,0.35651520376903995,0.1149878793690531
other,0.035849472256737985,0.13863931107322508,0.5578051168438836
other,0.25473360132256084,0.08777357956135062,0.19419104328443185
other,0.14554395408011805,0.07502568358755965,0.3676842738289029
other,0.02688710419255349,0.16278609890879728,0.39932698486921286
other,0.11285021603842064,0.10222555180886596,0.3016710267667642
other,0.03269373804169741,0.19391314685253516,0.3557199569042509
other,0.20146422751839113,0.10222555180886596,0.1883687361754694
other,0.047462739955025826,0.19391314685253516,0.2145783830115738
other,0.13393068638183023,0.053306032556634346,0.6451043134619886
other,0.0775055783626199,0.08777357956135062,0.48104591048508966
IgE,0.16611958984259037,0.08777357956135062,0.588784257734517
IgE,0.1956575936692472,0.22110098419355317,0.21395835961635398
IgE,0.02373136997751291,0.23777493472362723,0.4786361553004306
IgE,0.11865684988756457,0.11890852374394999,0.40294837782677173
IgE,0.22784649713000737,0.28162094681234334,0.21048770464889774
IgE,0.08015647799672324,0.13863931107322508,0.5849669794030077
IgE,0.0416561061058819,0.16278609890879728,0.5661499388585435
IgE,0.29588487284750553,0.11890852374394999,0.37376822469972587
IgE,0.10969448182338006,0.13863931107322508,0.4077496703536014
IgE,0.0,0.31271645008661253,0.5335190249340824
IgE,0.0,1.0,0.5328448319227459
IgE,0.09808121412509223,0.10222555180886596,0.44383592001008326
IgE,0.08015647799672324,0.13863931107322508,0.5529300456684169
IgE,0.24312033362427304,0.06362205315268774,0.47426954720661535
IgE,0.22203986328086348,0.11890852374394999,0.40018514220846235
IgE,0.09808121412509223,0.23777493472362723,0.2928307447905046
IgE,0.07119410993253875,0.16278609890879728,0.3501302178119215
IgE,0.02688710419255349,0.16278609890879728,0.7105701541161108
IgE,0.18088859175591882,0.08777357956135062,0.53464781821384
IgE,0.008962368064184496,0.23777493472362723,0.5807590921903947
IgE,0.03269373804169741,0.19391314685253516,0.4211018179791679
IgE,0.31115870934177114,0.053306032556634346,0.5682324112772034
IgE,0.27215350286999257,0.13863931107322508,0.29148037784669556
IgD,0.10969448182338006,0.28162094681234334,0.37166801886156164
IgD,0.03269373804169741,0.19391314685253516,0.5028968803711613
IgD,0.11865684988756457,0.11890852374394999,0.4492979447475793
IgD,0.1571572217784059,0.10222555180886596,0.4952616450068189
IgD,0.008962368064184496,0.23777493472362723,0.5209107636253941
IgD,0.2900782389983616,0.10222555180886596,0.33179574323679245
