v_gene,phi_S_n,phi_A_n,phi_R_n
IGHV4-39,0.0595808422342509,0.11890852374394999,0.45175844881704097
IGHV4-39,0.0,0.31271645008661253,0.5163851487831379
IGHV4-39,0.13973732023097413,0.06362205315268774,0.4556160179790611
IGHV4-39,0.1629638556275498,0.11890852374394999,0.31804564384343553
IGHV4-39,0.02688710419255349,0.16278609890879728,0.44410692336949426
IGHV4-39,0.10969448182338006,0.13863931107322508,0.3480667567780784
IGHV4-39,0.050618474170066395,0.13863931107322508,0.5122090532167501
IGHV4-39,0.18404432597095935,0.19391314685253516,0.3179951363384143
IGHV4-39,0.035849472256737985,0.13863931107322508,0.6138946700761748
IGHV4-39,0.2399645994092325,0.22110098419355317,0.29577891051408123
IGHV4-39,0.06854321029843541,0.10222555180886596,0.5599755856875266
IGHV4-39,0.017924736128368993,0.19391314685253516,0.46376116419898633
IGHV4-39,0.035849472256737985,0.13863931107322508,0.604238109629632
IGHV4-39,0.05642510801921032,0.16278609890879728,0.40834084761440975
IGHV4-39,0.1012369483401328,0.07502568358755965,0.5283808610292584
IGHV4-39,0.0595808422342509,0.11890852374394999,0.4417813693649421
IGHV4-39,0.050618474170066395,0.13863931107322508,0.43700825881235345
IGHV4-39,0.15766205635934313,0.04388810642886791,0.48728283643569353
IGHV4-39,0.2257004320768413,0.035224348284423,0.5156317524992774
IGHV4-39,0.044811840320922475,0.11890852374394999,0.6376203059696879
IGHV4-39,0.15135058792926198,0.08777357956135062,0.3879522841192792
IGHV4-39,0.3290834454701401,0.035224348284423,0.4277922468845846
IGHV4-39,0.25523843590349804,0.035224348284423,0.4750817415632519
IGHV4-39,0.008962368064184496,0.23777493472362723,0.6176905838883247
IGHV4-39,0.06854321029843541,0.10222555180886596,0.49663000221214304
IGHV4-39,0.11285021603842064,0.10222555180886596,0.3975634622505598
IGHV4-39,0.03850037189084134,0.23777493472362723,0.35888038157280194
IGHV4-39,0.14289305444601472,0.04388810642886791,0.5185214943272353
IGHV4-39,0.2257004320768413,0.035224348284423,0.4935758359166318
IGHV4-39,0.2257004320768413,0.27416163699056617,0.3089366425174806
IGHV4-39,0.0,1.0,0.4906105355306106
IGHV4-39,0.08596311184586716,0.16278609890879728,0.31804564384343553
IGHV4-39,0.2198937982276974,0.02720287761399007,0.5775251961314987
IGHV4-39,0.16031295599344647,0.07502568358755965,0.3335492098105285
IGHV4-39,0.0,0.31271645008661253,0.5065195782612765
IGHV4-39,0.035849472256737985,0.13863931107322508,0.5777617436451548
IGHV4-39,0.0922745802759483,0.08777357956135062,0.5133530995973861
IGHV4-39,0.0,0.31271645008661253,0.4979952156118583
IGHV4-39,0.2731631720318671,0.019735000080812835,0.43206632450072213
IGHV4-39,0.0416561061058819,0.16278609890879728,0.44097075420753706
IGHV4-39,0.047462739955025826,0.19391314685253516,0.35573586376782645
IGHV4-39,0.02373136997751291,0.23777493472362723,0.3951598281096286
IGHV4-39,0.008962368064184496,0.23777493472362723,0.46376116419898633
IGHV4-39,0.16927532405763096,0.06362205315268774,0.37303817625437174
IGHV4-39,0.13342585180089298,0.11890852374394999,0.36481899895078185
IGHV4-39,0.6397373202309742,0.0,0.5596341835005687
IGHV4-39,0.6450391194991809,0.32544331678343913,0.28534370164147627
IGHV4-39,0.12231741868354236,0.035224348284423,0.5289677387784649
IGHV4-39,0.014769001913328417,0.31271645008661253,0.4147568601586992
IGHV4-39,0.05642510801921032,0.16278609890879728,0.38966402359838453
IGHV4-39,0.0,0.31271645008661253,0.44904407156744225
IGHV4-39,0.014769001913328417,0.31271645008661253,0.3858448290163868
IGHV4-39,0.1160059502534612,0.07502568358755965,0.5250328216397154
IGHV4-39,0.12181258410260513,0.08777357956135062,0.4367820279692534
IGHV4-39,0.017924736128368993,0.19391314685253516,0.45238344192769203
IGHV4-39,0.1160059502534612,0.07502568358755965,0.4371595789040246
IGHV4-39,0.03269373804169741,0.19391314685253516,0.39275570630777495
IGHV4-39,0.047462739955025826,0.19391314685253516,0.3257779710290333
IGHV4-39,0.10704358218927673,0.08777357956135062,0.4982851460718557
IGHV4-39,0.06854321029843541,0.10222555180886596,0.41259350758561775
IGHV4-39,0.2642008039676826,0.02720287761399007,0.4608140952302371
IGHV4-39,0.3438524473834686,0.035224348284423,0.42306795371722433
IGHV4-39,0.08015647799672324,0.13863931107322508,0.3967364892067394
IGHV4-39,0.23466280014102578,0.02720287761399007,0.5088512052861972
IGHV4-39,0.2963897074284428,0.18251372785779824,0.3060837653341783
IGHV4-39,0.035849472256737985,0.13863931107322508,0.5582391840517503
IGHV4-39,0.26950260323588926,0.22110098419355317,0.2872193215536565
IGHV4-39,0.0595808422342509,0.11890852374394999,0.4352292630498075
IGHV4-39,0.31696534319091507,0.06362205315268774,0.31825120858568695
IGHV4-39,0.044811840320922475,0.11890852374394999,0.5940153065305482
IGHV4-39,0.0595808422342509,0.11890852374394999,0.40383139104547416
IGHV4-39,0.1012369483401328,0.07502568358755965,0.525636322925416
IGHV4-39,0.18720006018599994,0.04388810642886791,0.3272111455958204
IGHV4-39,0.09492547991005165,0.13863931107322508,0.3939457853850727
IGHV4-39,0.17243105827267155,0.04388810642886791,0.34498487830732405
IGHV4-39,0.35281481544765303,0.02720287761399007,0.3303247829427258
IGHV4-39,0.3855085534893505,0.012749212613976702,0.6158627580766022
IGHV3-64D,0.1160059502534612,0.07502568358755965,0.4379342904410554
IGHV3-64D,0.10388784797423614,0.11890852374394999,0.41283273895325456
IGHV3-64D,0.02953800382665683,1.0,0.5026575774105466
IGHV3-64D,0.0416561061058819,0.16278609890879728,0.4564062193202585
IGHV3-64D,0.28162070551511437,0.053306032556634346,0.4016340499212642
IGHV3-64D,0.1571572217784059,0.23777493472362723,0.3237146328713382
IGHV3-64D,0.33438524473834685,0.10222555180886596,0.40140289422182457
IGHV3-64D,0.10969448182338006,0.28162094681234334,0.4065311756088644
IGHV3-64D,0.2167380640126568,0.04388810642886791,0.5518481493086713
IGHV3-64D,0.18088859175591882,0.22110098419355317,0.3237146328713382
IGHV3-64D,0.06803837571749816,0.23777493472362723,0.4405874373023013
IGHV3-64D,0.1392324856500369,0.28162094681234334,0.36102832856767775
IGHV3-64D,0.09808121412509223,0.10222555180886596,0.5425875564980644
IGHV3-64D,0.31431444355681176,0.035224348284423,0.466675361280126
IGHV3-64D,0.21042659558257562,0.08777357956135062,0.41283273895325456
IGHV3-64D,0.09492547991005165,0.28162094681234334,0.40725856706102076
IGHV3-64D,0.0595808422342509,0.11890852374394999,0.5610247425469952
IGHV3-64D,0.1956575936692472,0.08777357956135062,0.42589765644108746
IGHV3-64D,0.12130774952166791,0.19391314685253516,0.41062840393810196
IGHV3-64D,0.44092399234668633,0.07502568358755965,0.38367012804561285
IGHV3-64D,0.2404694339901697,0.035224348284423,0.5107751877577372
IGHV3-64D,0.0595808422342509,0.11890852374394999,0.49536217346652894
IGHV3-64D,0.06223174186835425,0.19391314685253516,0.44295106940623663
IGHV3-64D,0.1101993164043173,0.06362205315268774,0.5724081359146729
IGHV3-64D,0.09808121412509223,0.10222555180886596,0.5191096163044959
IGHV3-64D,0.08066131257766046,0.06362205315268774,0.5742765132783771
IGHV3-64D,0.19300669403514387,0.053306032556634346,0.6044479814235844
IGHV3-64D,0.008962368064184496,0.23777493472362723,0.5504191358185936
IGHV3-64D,0.22254469786180073,0.053306032556634346,0.40846844151589085
IGHV3-64D,0.02953800382665683,0.31271645008661253,0.521585784665477
IGHV3-64D,0.1629638556275498,0.11890852374394999,0.4109151686958925
IGHV3-64D,0.13973732023097413,0.06362205315268774,0.5047394096951405
IGHV3-64D,0.19300669403514387,0.053306032556634346,0.46119643431250656
IGHV3-64D,0.16927532405763096,0.06362205315268774,0.4372020912741736
IGHV3-64D,0.09176974569501108,0.19391314685253516,0.41500537644294067
IGHV3-64D,0.12761921795174905,0.10222555180886596,0.41283273895325456
IGHV3-64D,0.1481948537142214,0.25749309461253356,0.3704418258358846
IGHV3-64D,0.7135823297976163,0.0,0.5589307001810815
IGHV3-64D,0.07119410993253875,0.16278609890879728,0.4242116917849111
IGHV3-64D,0.03850037189084134,0.4312680565175427,0.4798454193169013
IGHV3-64D,0.03269373804169741,0.19391314685253516,0.49814914776231867
IGHV3-64D,0.02953800382665683,0.31271645008661253,0.49814914776231867
IGHV3-64D,0.0416561061058819,0.16278609890879728,0.4526327242067404
IGHV3-64D,0.402423620455845,0.08777357956135062,0.3867734794096109
IGHV3-64D,0.017924736128368993,0.19391314685253516,0.5301299644742817
IGHV3-64D,0.2193889636467601,0.07502568358755965,0.4182915228288402
IGHV3-64D,0.12130774952166791,0.19391314685253516,0.3776315454339683
IGHV3-43,0.231002231345048,0.10222555180886596,0.37392243944993403
IGHV3-43,0.0595808422342509,0.11890852374394999,0.5809950870095205
IGHV3-43,0.02373136997751291,0.23777493472362723,0.5353213348612953
IGHV3-43,0.38500371890841323,0.053306032556634346,0.5206005253922636
IGHV3-43,0.21623322943171955,0.10222555180886596,0.381585630441925
IGHV3-43,0.06223174186835425,0.19391314685253516,0.4342113439645928
IGHV3-43,0.0,0.31271645008661253,0.4991458162669725
IGHV3-43,0.2193889636467601,0.07502568358755965,0.4694364063439051
IGHV3-43,0.34650334701757185,0.06362205315268774,0.45976309793316716
IGHV3-43,0.02953800382665683,0.31271645008661253,0.49620988508701414
IGHV3-43,0.047462739955025826,0.19391314685253516,0.5107089804769673
IGHV3-43,0.10969448182338006,0.28162094681234334,0.39615536484062774
IGHV3-43,0.05642510801921032,0.16278609890879728,0.5235571760919954
IGHV3-43,0.05642510801921032,0.16278609890879728,0.5039526013891408
IGHV3-43,0.18669522560506271,0.10222555180886596,0.44090737362723653
IGHV3-43,0.06538747608339482,0.13863931107322508,0.4513355575013001
IGHV3-43,0.23415796556008855,0.07502568358755965,0.40456663380483016
IGHV3-43,0.1750819579067749,0.07502568358755965,0.5981038102325138
IGHV3-43,0.008962368064184496,0.23777493472362723,0.5472627751439265
IGHV3-43,0.0416561061058819,0.16278609890879728,0.5517249415643083
IGHV3-43,0.014769001913328417,1.0,0.47616391052383883
IGHV3-43,0.12761921795174905,0.10222555180886596,0.500831952715148
IGHV3-43,0.5268871041925535,0.04388810642886791,0.5107166234433559
IGHV3-43,0.15135058792926198,0.08777357956135062,0.47478301300766973
IGHV3-43,0.07119410993253875,0.31271645008661253,0.4321498671772674
IGHV3-43,0.06803837571749816,0.4312680565175427,0.41648202140197416
IGHV3-43,0.0886140114799705,0.31271645008661253,0.4027053321771165
IGHV3-43,0.10388784797423614,0.11890852374394999,0.5702243527496936
IGHV3-43,0.02688710419255349,0.16278609890879728,0.6301862270355615
IGHV3-43,0.2046199617334317,0.2763459625452643,0.38699049903213867
IGHV3-43,0.03269373804169741,0.19391314685253516,0.5276242150181405
IGHV3-43,0.1629638556275498,0.11890852374394999,0.4550919169802527
IGHV3-43,0.11285021603842064,0.10222555180886596,0.6204068660474737
IGHV3-43,0.18669522560506271,0.23777493472362723,0.3944584318515687
IGHV3-43,0.02953800382665683,0.31271645008661253,0.47001550991851737
IGHV3-43,0.21307749521667899,0.28162094681234334,0.3403504766355052
IGHV3-43,0.20146422751839113,0.10222555180886596,0.40206007646639963
IGHV3-43,0.2515778671075203,0.11890852374394999,0.36886959363819344
IGHV3-43,0.2426154990433358,0.13863931107322508,0.36886959363819344
IGHV3-43,0.047462739955025826,0.19391314685253516,0.4944807533139151
IGHV3-43,0.02688710419255349,0.16278609890879728,0.5660751760891253
IGHV3-43,0.23680886519419192,0.25749309461253356,0.3728836598584498
IGHV3-43,0.0416561061058819,0.16278609890879728,0.5473474400934495
IGHV3-43,0.05326937380416975,0.23777493472362723,0.4394086057199922
IGHV3-43,0.12181258410260513,0.08777357956135062,0.609650652252121
IGHV3-43,0.28692250478332104,0.28162094681234334,0.31899300576566003
IGHV3-43,0.10969448182338006,0.13863931107322508,0.40378406283237006
IGHV3-43,0.1956575936692472,0.29301090144105,0.3645907325787353
IGHV3-43,0.29323397321340217,0.07502568358755965,0.38771275636059843
IGHV3-43,0.22835133171094463,0.06362205315268774,0.4654534789188906
IGHV3-43,0.39030551817661996,0.13863931107322508,0.31870382605188996
IGHV3-43,0.6687704894766938,0.035224348284423,0.48394080265184736
IGHV3-43,0.07384500956664208,0.31271645008661253,0.4272663824920572
IGHV3-43,0.2046199617334317,0.07502568358755965,0.47478301300766973
IGHV3-43,0.06538747608339482,0.13863931107322508,0.4392538616757424
IGHV3-43,0.34650334701757185,0.06362205315268774,0.42142051495012456
IGHV3-43,0.1392324856500369,0.28162094681234334,0.37053008010251554
IGHV3-43,0.07700074378168266,0.19391314685253516,0.4099863066612021
IGHV3-20,0.07434984414757932,0.11890852374394999,0.6923773186992392
IGHV3-20,0.07119410993253875,0.16278609890879728,0.6535022788454051
IGHV3-20,0.03850037189084134,0.23777493472362723,0.6102477801658617
IGHV3-20,0.15135058792926198,0.08777357956135062,0.7364477354485296
IGHV3-20,0.06803837571749816,0.23777493472362723,0.5530968841116543
IGHV3-20,0.11865684988756457,0.25749309461253356,0.4147128785381684
IGHV3-20,0.03850037189084134,0.23777493472362723,0.6045303636360025
IGHV3-20,0.08015647799672324,0.13863931107322508,0.6874004950125893
IGHV3-20,0.2842716051492177,0.08777357956135062,0.5655640388541953
IGHV3-20,0.09757637954415499,0.23777493472362723,0.47100092754222456
IGHV3-20,0.1687704894766937,0.13863931107322508,0.57205990411553
IGHV3-20,0.06538747608339482,0.28162094681234334,0.588769126757365
IGHV3-20,0.05642510801921032,0.16278609890879728,0.6709124757704632
IGHV3-20,0.008962368064184496,0.23777493472362723,0.7518429480653326
IGHV3-20,0.16346869020848703,0.18251372785779824,0.5261181476610156
IGHV3-20,0.5680383757174982,0.06362205315268774,0.5728429034365055
IGHV3-20,0.1719262236917343,0.23777493472362723,0.4147128785381684
IGHV3-20,0.04430700573998525,0.31271645008661253,0.5548832287111634
IGHV3-20,0.2842716051492177,0.22110098419355317,0.424367745887901
IGHV3-20,0.15135058792926198,0.08777357956135062,0.6200375171647318
IGHV3-20,0.06223174186835425,0.19391314685253516,0.6102477801658617
IGHV3-20,0.008962368064184496,0.23777493472362723,0.6148557858793996
IGHV3-20,0.49734910036589675,0.04388810642886791,0.6809245601450963
IGHV3-20,0.115501115672524,0.16278609890879728,0.5659204681949394
IGHV3-20,0.08015647799672324,0.13863931107322508,0.6391237160408231
IGHV3-20,0.0,0.31271645008661253,0.6379185039711966
IGHV3-20,0.1392324856500369,0.13863931107322508,0.596177342152299
IGHV3-20,0.20411512715249447,0.16278609890879728,0.5509263518429557
IGHV3-20,0.08911884606090772,0.11890852374394999,0.6874004950125893
IGHV3-20,0.1392324856500369,0.13863931107322508,0.5818986189354269
IGHV3-20,0.09176974569501108,0.19391314685253516,0.5823136146831145
IGHV3-20,0.03269373804169741,0.19391314685253516,0.6196545773099591
IGHV3-20,0.09808121412509223,0.10222555180886596,0.6005584188704663
IGHV3-20,0.02688710419255349,0.31271645008661253,0.5760430767030271
IGHV3-20,0.22784649713000737,0.13863931107322508,0.48065579489195714
IGHV3-20,0.07119410993253875,0.16278609890879728,0.622230743155744
IGHV3-20,0.10969448182338006,0.28162094681234334,0.4147128785381684
IGHV3-20,0.18985095982010328,0.07502568358755965,0.5753676540448837
IGHV3-20,0.08911884606090772,0.11890852374394999,0.6819410795553632
IGHV3-20,0.08596311184586716,0.16278609890879728,0.5971663909620205
IGHV3-20,0.06223174186835425,0.19391314685253516,0.6013718611725215
IGHV3-20,0.6186568498875646,0.02720287761399007,0.5728429034365055
IGHV3-20,0.08911884606090772,0.11890852374394999,0.6620624093313031
IGHV1-2,0.06223174186835425,0.19391314685253516,0.4129504207982809
IGHV1-2,0.0595808422342509,0.11890852374394999,0.4950536136161505
IGHV1-2,0.06854321029843541,0.10222555180886596,0.6135497978054375
IGHV1-2,0.12761921795174905,0.10222555180886596,0.46023889125150574
IGHV1-2,0.0,1.0,0.5808758383421498
IGHV1-2,0.03269373804169741,0.19391314685253516,0.44844552769264684
IGHV1-2,0.008962368064184496,0.23777493472362723,0.54459190466278
IGHV1-2,0.0,0.31271645008661253,0.5714397465149942
IGHV1-2,0.25208270168845753,0.053306032556634346,0.4559105962196652
IGHV1-2,0.1956575936692472,0.08777357956135062,0.4197650592786912
IGHV1-2,0.42034835658421393,0.06362205315268774,0.3798771316299706
IGHV1-2,0.3470081815985091,0.019735000080812835,0.5102091107373673
IGHV1-2,0.0,0.31271645008661253,0.5145117420905333
IGHV1-2,0.18720006018599994,0.04388810642886791,0.5516082793798486
IGHV1-2,0.05326937380416975,0.23777493472362723,0.36963895651683776
IGHV1-2,0.2193889636467601,0.07502568358755965,0.47051729401173475
IGHV1-2,0.08596311184586716,0.16278609890879728,0.40524536064900885
IGHV1-2,0.06538747608339482,0.13863931107322508,0.4189302228938768
IGHV1-2,0.02688710419255349,0.16278609890879728,0.6426688445462565
IGHV1-2,0.46200446269009593,0.035224348284423,0.46723102483012313
IGHV1-2,0.08911884606090772,0.11890852374394999,0.46734657949495123
IGHV1-2,0.19300669403514387,0.053306032556634346,0.5493773086172301
IGHV1-2,0.2462760678393136,0.04388810642886791,0.4931782709204526
IGHV1-2,0.008962368064184496,0.23777493472362723,0.43679151666079424
IGHV1-2,0.1988133278842878,0.06362205315268774,0.5234081330718732
IGHV1-2,0.0,0.31271645008661253,0.4892392199043262
IGHV1-2,0.0922745802759483,0.08777357956135062,0.46130441278199785
IGHV1-2,0.16031295599344647,0.07502568358755965,0.5596290461545139
IGHV1-2,0.22835133171094463,0.06362205315268774,0.5046100464977704
IGHV1-2,0.2642008039676826,0.02720287761399007,0.48488958797512655
IGHV1-2,0.18934612523916608,0.16278609890879728,0.3587419688097132
IGHV1-2,0.24312033362427304,0.06362205315268774,0.46926388984966294
IGHV1-2,0.27215350286999257,0.13863931107322508,0.3355305122554302
IGHV1-2,0.12130774952166791,0.19391314685253516,0.27425283196305345
IGHV1-2,0.18353949139002215,0.13863931107322508,0.3705249308582845
IGHV1-2,0.1750819579067749,0.07502568358755965,0.47724929946886147
IGHV1-2,0.017924736128368993,0.19391314685253516,0.6223724733071562
IGHV1-2,0.1956575936692472,0.08777357956135062,0.35060725498223094
IGHV1-2,0.035849472256737985,0.13863931107322508,0.5018924819944219
IGHV1-2,0.19250185945420664,0.11890852374394999,0.3559744256842939
IGHV1-2,0.06223174186835425,0.19391314685253516,0.40553409324445966
IGHV1-2,0.24892696747341694,0.07502568358755965,0.40039845431948085
IGHV1-2,0.017924736128368993,0.19391314685253516,0.575430719721424
IGHV1-2,0.02953800382665683,0.31271645008661253,0.39810576827687805
IGHV1-2,0.08911884606090772,0.11890852374394999,0.45807183888986736
IGHV1-2,0.0416561061058819,0.16278609890879728,0.4190171395376574
IGHV1-2,0.06223174186835425,0.19391314685253516,0.3921080972497101
IGHV1-2,0.07434984414757932,0.11890852374394999,0.49423552671105014
IGHV1-2,0.23415796556008855,0.07502568358755965,0.4451835364607997
IGHV1-2,0.16927532405763096,0.06362205315268774,0.5687666902796856
IGHV1-2,0.0,0.31271645008661253,0.4726488845549169
IGHV1-2,0.31696534319091507,0.06362205315268774,0.3984410815697071
IGHV1-2,0.0,0.31271645008661253,0.4661781594342768
IGHV1-2,0.017924736128368993,0.19391314685253516,0.5501236066118116
IGHV1-2,0.1423882198650775,0.10222555180886596,0.4198562620232954
IGHV1-2,0.14869968829515864,0.053306032556634346,0.6160567210360743
IGHV1-2,0.06223174186835425,0.19391314685253516,0.3328150804795225
IGHV1-2,0.16927532405763096,0.06362205315268774,0.5326282353202605
IGHV1-2,0.2726583374509299,0.06362205315268774,0.43837847950273123
IGHV1-2,0.1687704894766937,0.13863931107322508,0.3726835697122268
IGHV1-2,0.18669522560506271,0.10222555180886596,0.4155300682914977
IGHV1-2,0.017924736128368993,0.19391314685253516,0.4725796270305283
IGHV1-2,0.20411512715249447,0.16278609890879728,0.2545722247703643
IGHV1-2,0.08911884606090772,0.11890852374394999,0.43475790291140015
IGHV1-2,0.4087350888859262,0.04388810642886791,0.45589560874555524
IGHV1-2,0.04430700573998525,0.31271645008661253,0.3361132591958268
IGHV1-2,0.3939660869725978,0.04388810642886791,0.46319140273762915
IGHV1-2,0.0,1.0,0.4648261976538565
IGHV1-2,0.050618474170066395,0.13863931107322508,0.4375916452660056
IGHV1-2,0.14503911949918083,0.16278609890879728,0.3677022105938636
IGHV1-2,0.09176974569501108,0.35651520376903995,0.2866918160387374
IGHV1-2,0.08911884606090772,0.11890852374394999,0.3772888970880999
IGHV1-2,0.36442808314594094,0.04388810642886791,0.4831758410313254
IGHV1-2,0.08331221221176381,0.10222555180886596,0.6087706362776224
IGHV4-34,0.2046199617334317,0.07502568358755965,0.5623445098440937
IGHV4-34,0.07434984414757932,0.11890852374394999,0.6218233496995215
IGHV4-34,0.2811158709341771,0.11890852374394999,0.5361555327318501
IGHV4-34,0.008962368064184496,0.23777493472362723,0.7292454002539465
IGHV4-34,0.25208270168845753,0.053306032556634346,0.6572788259698262
IGHV4-34,0.1481948537142214,0.11890852374394999,0.604364304491559
IGHV4-34,0.008962368064184496,0.23777493472362723,0.7239967435277616
IGHV4-34,0.22784649713000737,0.367889419361687,0.4708477444856713
IGHV4-34,0.12446348373670847,0.13863931107322508,0.5414284142687033
IGHV4-34,0.008962368064184496,0.23777493472362723,0.7176557004852888
IGHV4-34,0.0,0.31271645008661253,0.6703267012154427
IGHV4-34,0.1481948537142214,0.11890852374394999,0.6041339560574356
IGHV4-34,0.017924736128368993,0.19391314685253516,0.7489148731712524
IGHV4-34,0.02688710419255349,0.16278609890879728,0.6705444886402513
IGHV4-34,0.05642510801921032,0.4116253222235257,0.5245915839135927
IGHV4-34,0.03269373804169741,0.19391314685253516,0.590671643487591
IGHV4-34,0.09808121412509223,0.10222555180886596,0.6946883966554271
IGHV4-34,0.0595808422342509,0.11890852374394999,0.7249969553933883
IGHV4-34,0.008962368064184496,0.23777493472362723,0.6024043730065868
IGHV4-34,0.21042659558257562,0.08777357956135062,0.5488496361892761
IGHV4-34,0.1160059502534612,0.07502568358755965,0.6412193760087902
IGHV4-34,0.08331221221176381,0.10222555180886596,0.7385854281707732
IGHV4-34,0.08596311184586716,0.31271645008661253,0.5310363021725418
IGHV4-34,0.18669522560506271,0.10222555180886596,0.5593560186354116
IGHV4-34,0.2315070659259852,0.04388810642886791,0.7213640526114755
IGHV4-34,0.21358232979761618,0.06362205315268774,0.6333443194444928
IGHV4-34,0.047462739955025826,0.35651520376903995,0.5778051357229192
IGHV4-34,0.18088859175591882,0.08777357956135062,0.6357933811461295
IGHV4-34,0.1629638556275498,0.11890852374394999,0.5649668609564712
IGHV4-34,0.02953800382665683,1.0,0.5734285663873221
IGHV4-34,0.05642510801921032,0.16278609890879728,0.6523110880642977
IGHV4-34,0.06223174186835425,0.35651520376903995,0.5159626185894003
IGHV4-34,0.4525372600449742,0.10222555180886596,0.4951878903499263
IGHV4-34,0.008962368064184496,0.23777493472362723,0.5785568724574698
IGHV4-34,0.3997727208217417,0.053306032556634346,0.6183679974300081
IGHV4-34,0.05642510801921032,0.16278609890879728,0.611573165968929
IGHV4-34,0.050618474170066395,0.13863931107322508,0.7332794619097097
IGHV4-34,0.1481948537142214,0.11890852374394999,0.5894947181555966
IGHV4-34,0.35281481544765303,0.02720287761399007,0.7205059689614852
IGHV4-34,0.047462739955025826,0.19391314685253516,0.5587378446028163
IGHV4-34,0.053774208385106985,0.10222555180886596,0.7552335582371591
IGHV4-34,0.06538747608339482,0.13863931107322508,0.6619238114136832
IGHV4-34,0.10073211375919557,0.16278609890879728,0.5092902334072777
IGHV4-34,0.13973732023097413,0.06362205315268774,0.6804422852985298
IGHV4-34,0.09808121412509223,0.10222555180886596,0.6053694166342589
IGHV4-34,0.3496590812326125,0.04388810642886791,0.6366124990808553
IGHV4-34,0.2484221328924797,0.16278609890879728,0.4618746742217651
IGHV4-34,0.050618474170066395,0.13863931107322508,0.6664071377460155
IGHV4-34,0.1360767514349963,0.35651520376903995,0.5018256163260022
IGHV4-34,0.10704358218927673,0.08777357956135062,0.7310730081242631
IGHV4-34,0.09176974569501108,0.35651520376903995,0.5092567103156371
IGHV4-34,0.017924736128368993,0.19391314685253516,0.686517618127912
IGHV4-34,0.06538747608339482,0.13863931107322508,0.5531766303481085
IGHV4-34,0.0595808422342509,0.11890852374394999,0.7085066418757107
IGHV4-34,0.017924736128368993,0.19391314685253516,0.6837707023900013
IGHV4-34,0.09757637954415499,0.23777493472362723,0.5464977825087357
IGHV4-34,0.1687704894766937,0.28162094681234334,0.5054757901011001
