aho_aa_pos,region,phi_S_filter
1,FR1,0.3624803298760577
2,FR1,-0.017043564662581338
3,FR1,0.3625499345486764
4,FR1,0.7339849451321555
5,FR1,0.12365541024471902
6,FR1,0.6088158424260337
7,FR1,0.8805582982939542
9,FR1,0.6674550923039938
10,FR1,-0.034797851706067626
11,FR1,0.14478753359293423
12,FR1,0.2595958976439343
13,FR1,0.10838688874028618
14,FR1,-0.9391525869770304
15,FR1,0.7281607988278023
16,FR1,0.722383760848632
17,FR1,-0.5956186826915989
18,FR1,0.7204742308891736
19,FR1,0.7196506334245422
20,FR1,-0.05572999709180264
21,FR1,0.1409413088681136
22,FR1,0.6339600582224002
23,FR1,1.0939634211892193
24,FR1,-1.3527944133196732
25,FR1,-0.18691313879038993
26,CDR1,0.5785201716910803
27,CDR1,0.603697231664013
29,CDR1,-0.3293373840525417
30,CDR1,-0.43679353260218245
31,CDR1,0.02407599484177678
32,CDR1,-0.64884992612988
33,CDR1,-0.768094470471567
34,CDR1,-1.3260931857741367
38,CDR1,-1.1869745499594886
39,FR2,-0.567133358872265
40,FR2,-0.5743541746624242
41,FR2,-1.7798654171008543
42,FR2,-0.3991728486976875
43,FR2,-inf
44,FR2,-0.45914023031473183
45,FR2,1.0683151372687338
46,FR2,0.026067867407815543
47,FR2,-1.155053901015215
48,FR2,0.7543440819813222
49,FR2,0.8130840451217306
50,CDR2,-0.3554552288004737
51,CDR2,0.7763992088969194
52,CDR2,0.28590983525724256
53,CDR2,0.4550028279572767
54,CDR2,-4.0896033958970115
55,CDR2,-0.7137024268820673
56,CDR2,0.6115185782981463
57,CDR2,-0.5920459084583398
58,CDR2,-0.03128586023676011
59,CDR2,-0.7429953297135009
60,CDR2,-0.6085244844620444
61,CDR2,-0.8300007940311452
62,CDR2,-1.6704727927330496
64,CDR2,-0.3659098111091569
65,FR3,-0.476667073186704
66,FR3,-0.2529435769199875
67,FR3,-0.9830335369948421
68,FR3,-0.484658732220097
69,FR3,-0.6194210924482433
70,FR3,0.21841751419071104
71,FR3,-0.005990115575142877
72,FR3,-0.443182350436222
73,FR3,-0.05488331974841924
74,FR3,-0.08980644971436057
75,FR3,-1.383848680742882
76,FR3,-0.22273031071235197
77,FR3,0.8530646508620833
78,FR3,-0.6612924488056977
79,FR3,-0.45205994960633067
80,FR3,-0.3656235948258689
81,FR3,0.4293310680347297
82,FR3,-0.19101953450906795
83,FR3,-0.38004034416900784
84,FR3,-0.22382109058825467
85,FR3,0.120699381127255
86,FR3,-0.860344019952354
87,FR3,-0.25262211969528287
88,FR3,0.5361095052277158
89,FR3,0.07804140278521286
90,FR3,-0.5200629025893397
91,FR3,0.7203478258335061
92,FR3,0.1153549707986055
93,FR3,0.33253069139012437
94,FR3,-0.7145280938344426
95,FR3,-0.22673341258509508
96,FR3,0.685859959197986
97,FR3,-0.6762185098815963
98,FR3,-1.4056035427733302
99,FR3,0.06377020980155343
100,FR3,0.9515610916462549
101,FR3,-0.24216669850398473
102,FR3,-0.1640325399839584
103,FR3,0.2342543908373745
104,FR3,0.810956463833845
105,FR3,0.36601884311962707
106,FR3,1.1184495307692648
107,FR3,-0.6005646901492063
108,FR3,0.5959926345536641
