seq_name,isotype_class,v_gene:0,donor,phi_S_n,phi_A_n,phi_R_n
TAGTTGGCAATACGCT_d07_w112,IgM,IGHV3-21,07,0.053774208385106985,0.10222555180886596,0.521083560862046
CTAGTGAGTCTTCTCG_d07_w109,IgM,IGHV3-23,07,0.050618474170066395,0.13863931107322508,0.37255875283617196
ATCACGATCCGAGCCA_d02_w184,IgM,IGHV3-7,02,0.15450632214430254,0.06362205315268774,0.3401229824304249
CCTTCGAGTCGACTGC_d06_w116,IgM,IGHV3-72,06,0.12181258410260513,0.08777357956135062,0.1785926079281815
GGATGTTGTCCGTTAA_d06_w115,IgM,IGHV4-39,06,0.17243105827267155,0.04388810642886791,0.4998038352257589
GCGACCAGTTAAGGGC_d07_w184,IgM,IGHV4-59,07,0.044811840320922475,0.11890852374394999,0.5483650860047046
CGCTATCGTCTCTCGT_d08_w108,IgM,IGHV3-72,08,0.3823528192743099,0.02720287761399007,0.2141348003841628
TGGACGCTCCTCAATT_d02_w180,IgM,IGHV5-51,02,0.053774208385106985,0.10222555180886596,0.4815110731693755
CTCCTAGGTTTGACAC_d07_w153,IgM,IGHV3-21,07,0.008962368064184496,0.23777493472362723,0.6547302011192145
AACCGCGTCAGTTGAC_d09_w174,IgM,IGHV3-74,09,0.017924736128368993,0.19391314685253516,0.5215021659111689
TCTCTAACATGTCGAT_d05_w144,IgM,IGHV3-23,05,0.1012369483401328,0.07502568358755965,0.45043899836581575
TCGCGTTCAGACGTAG_d07_w163,IgM,IGHV3-23,07,0.18720006018599994,0.04388810642886791,0.38186939531622377
CTCGGAGCAATGGTCT_d07_w109,IgM,IGHV3-72,07,0.06538747608339482,0.13863931107322508,0.15282090467311432
AGTGGGATCAGTTTGG_d07_w117,IgM,IGHV3-72,07,0.17823769212181548,0.053306032556634346,0.2759225040426131
CGTCAGGGTGTGGTTT_d05_w146,IgM,IGHV3-23,05,0.16031295599344647,0.07502568358755965,0.23857536197376694
GATCTAGCATCATCCC_d09_w117,IgM,IGHV1-69,09,0.02688710419255349,0.16278609890879728,0.8143309656298999
CACACTCCAAGCGATG_d02_w106,IgM,IGHV5-51,02,0.02688710419255349,0.16278609890879728,0.6294839356030998
CTCTACGCAATCCGAT_d07_w123,IgM,IGHV3-21,07,0.02688710419255349,0.16278609890879728,0.6294415953011214
GCAGCCAAGACGCACA_d02_w136,IgM,IGHV3-72,02,0.1392324856500369,0.13863931107322508,0.11589302284929513
GAAACTCAGGGAGTAA_d02_w155,IgM,IGHV3-7,02,0.0416561061058819,0.16278609890879728,0.29774397447747364
ACGCCAGCATCCAACA_d07_w181,IgM,IGHV3-21,07,0.0775055783626199,0.08777357956135062,0.707678999625227
AACGTTGGTACATGTC_d06_w179,IgM,IGHV3-74,06,0.050618474170066395,0.13863931107322508,0.3592296516448529
GTAACTGCACTAGTAC_d02_w135,IgM,IGHV4-31,02,0.0775055783626199,0.08777357956135062,0.6267736482277088
TACTCGCGTGAGGCTA_d08_w156,IgM,IGHV4-39,08,0.02688710419255349,0.16278609890879728,0.5641923766898724
TACTCGCTCGGAGGTA_d07_w115,IgM,IGHV3-23,07,0.25523843590349804,0.035224348284423,0.34849083531032227
TGGTTAGGTAAGTGTA_d08_w135,IgM,IGHV3-72,08,0.3259277112550996,0.053306032556634346,0.16124141831216213
AGTAGTCTCTGCGGCA_d09_w99,IgM,IGHV3-33,09,0.035849472256737985,0.13863931107322508,0.5307812593990646
TCAGGTACAAGAAAGG_d07_w159,IgM,IGHV3-74,07,0.035849472256737985,0.13863931107322508,0.463444935176854
GTAACGTAGCGTTGCC_d07_w177,IgM,IGHV3-72,07,0.1033830133932989,0.31271645008661253,0.12313417603195735
GGTGCGTAGTCATCCA_d09_w133,IgM,IGHV3-33,09,0.0775055783626199,0.08777357956135062,0.6222583920736112
CCTTTCTGTCTTGCGG_d06_w156,IgM,IGHV3-74,06,0.1012369483401328,0.07502568358755965,0.4293325759645958
TCCACACGTACTCTCC_d07_w178,IgM,IGHV3-23,07,0.17243105827267155,0.04388810642886791,0.41756736812606693
CGTCCATGTCTGATTG_d08_w176,IgM,IGHV3-21,08,0.25839417011853866,0.019735000080812835,0.7852436622207855
TCCCGATTCCTGCCAT_d02_w164,IgM,IGHV3-23,02,0.06854321029843541,0.10222555180886596,0.40407559502726165
CCGGTAGCATTACGAC_d08_w154,IgM,IGHV3-72,08,0.0775055783626199,0.08777357956135062,0.25966614756229395
GGAGCAATCTCCTATA_d11_w152,IgM,IGHV3-72,11,0.2457712332583764,0.31271645008661253,0.09813544526985928
AATCCAGCAGCTATTG_d08_w171,IgM,IGHV3-7,08,0.08646794642680439,0.07502568358755965,0.5145421717145171
TTCCCAGGTATCACCA_d06_w157,IgM,IGHV3-7,06,0.03269373804169741,0.19391314685253516,0.30081970514900824
GGCTGGTAGCTGCCCA_d09_w187,IgM,IGHV5-51,09,0.017924736128368993,0.19391314685253516,0.4636866984278345
GAATAAGAGGGCATGT_d07_w189,IgM,IGHV3-72,07,0.0595808422342509,0.11890852374394999,0.21738021346531952
TATCAGGGTAGGGACT_d02_w188,IgM,IGHV3-21,02,0.008962368064184496,0.23777493472362723,0.5678797131577936
TGAAAGAGTGTTCTTT_d07_w155,IgG,IGHV1-18,07,0.0,0.31271645008661253,0.5641710651649857
ACGCAGCGTGGTTTCA_d10_w115,IgG,IGHV3-74,10,0.050618474170066395,0.13863931107322508,0.2863896506607545
CGAGCCAAGCTGCAAG_d11_w104,IgG,IGHV3-72,11,0.1571572217784059,0.10222555180886596,0.1615363960084729
AGGGTGATCGATAGAA_d09_w183,IgG,IGHV2-5,09,0.0,1.0,0.5566676743394983
CTAAGACCACAGCGTC_d02_w147,IgG,IGHV3-7,02,0.0,0.31271645008661253,0.3567054660107201
GACTGCGAGTGATCGG_d04_w105,IgG,IGHV3-72,04,0.014769001913328417,0.31271645008661253,0.32080733804250006
AGGCCACTCTCAAGTG_d11_w152,IgG,IGHV3-73,11,0.02688710419255349,0.16278609890879728,0.5378199875256444
AGGCCGTGTTGCTCCT_d09_w174,IgG,IGHV1-18,09,0.008962368064184496,0.23777493472362723,0.5001720724949708
TCAGCTCTCAATCACG_d08_w168,IgG,IGHV3-72,08,0.21623322943171955,0.10222555180886596,0.12561608711631764
TGAGAGGAGAAGATTC_d07_w123,IgG,IGHV3-72,07,0.2009593929374539,0.23777493472362723,0.11585393690378354
AACCGCGCAAAGGAAG_d05_w183,IgG,IGHV3-74,05,0.0416561061058819,0.16278609890879728,0.2685817604414702
CGACCTTGTCGGCTCA_d08_w163,IgG,IGHV3-72,08,0.3501639158135497,0.006187028939593602,0.3012473215000176
GATCGATCAAACTGCT_d05_w115,IgG,IGHV3-72,05,0.18985095982010328,0.07502568358755965,0.17037955428178359
TTGGAACGTAGAAAGG_d04_w107,IgG,IGHV3-72,04,0.014769001913328417,0.31271645008661253,0.2352300674416823
CGATGTACATAACCTG_d06_w108,IgG,IGHV3-72,06,0.02373136997751291,0.23777493472362723,0.22260627787159287
TTTATGCGTGTGAAAT_d02_w155,IgG,IGHV5-51,02,0.14289305444601472,0.04388810642886791,0.5738509147389693
ATCATCTGTCACTGGC_d09_w170,IgA,IGHV3-7,09,0.19616242825018446,0.035224348284423,0.5426008959841595
TCCCGATTCGTCTGCT_d10_w150,IgA,IGHV3-7,10,0.008962368064184496,0.23777493472362723,0.42200590159729334
TCAATCTGTCAATGTC_d02_w102,IgA,IGHV3-72,02,0.09757637954415499,0.4312680565175427,0.1279315300237525
TGATTTCGTCACACGC_d09_w104,IgA,IGHV3-21,09,0.0,0.31271645008661253,0.35329526702590813
CCGTACTAGGTTACCT_d11_w146,IgA,IGHV3-7,11,0.08066131257766046,0.06362205315268774,0.559477347161915
GTACTCCAGGGCTTGA_d05_w160,IgA,IGHV3-72,05,0.05642510801921032,0.16278609890879728,0.2125986585508966
GAGGTGAGTGCAACGA_d09_w160,IgA,IGHV3-7,09,0.13973732023097413,0.06362205315268774,0.3600507334062492
ACTGAGTTCATGTGGT_d09_w109,IgA,IGHV3-15,09,0.035849472256737985,0.13863931107322508,0.4607756705515309
GCGCCAATCAGATAAG_d09_w136,IgA,IGHV1-18,09,0.017924736128368993,0.19391314685253516,0.41066875167732125
CGGGTCAAGCAACGGT_d07_w156,IgA,IGHV3-7,07,0.1101993164043173,0.06362205315268774,0.3719878721611452
TCAGCTCTCCCTTGCA_d02_w159,IgA,IGHV5-51,02,0.1191616844685018,0.053306032556634346,0.4951966985431566
ATCATCTTCGCATGGC_d09_w192,IgA,IGHV4-39,09,0.14289305444601472,0.04388810642886791,0.5185214943272353
GTGTTAGAGGTAGCCA_d07_w123,IgA,IGHV3-74,07,0.017924736128368993,0.19391314685253516,0.3292039005438404
GGACAGATCAACACGT_d07_w107,other,IGHV3-23,07,0.06854321029843541,0.10222555180886596,0.37327787331581463
TGAGCATGTTCCTCCA_d11_w154,other,IGHV3-72,11,0.047462739955025826,0.19391314685253516,0.2145783830115738
TACCTATAGTGATCGG_d02_w161,other,IGHV3-7,02,0.02688710419255349,0.16278609890879728,0.39932698486921286
CAGCTAACACGTCTCT_d02_w132,other,IGHV4-39,02,0.2731631720318671,0.019735000080812835,0.43206632450072213
GGTGTTATCGGATGGA_d07_w167,other,IGHV3-72,07,0.1360767514349963,0.35651520376903995,0.1149878793690531
CCGTGGAGTTGCGTTA_d02_w132,other,IGHV3-7,02,0.044811840320922475,0.11890852374394999,0.3955656302270888
ACGGGTCCACCCATGG_d07_w144,other,IGHV2-70,07,0.2198937982276974,0.02720287761399007,0.6639030457151016
ACACCAATCATCGATG_d07_w131,other,IGHV3-7,07,0.2198937982276974,0.02720287761399007,0.36635071200426966
AGAATAGGTAGCGATG_d07_w98,other,IGHV3-23,07,0.06854321029843541,0.10222555180886596,0.32764430937151784
AACACGTTCTGTCCGT_d02_w144,other,IGHV3-23,02,0.053774208385106985,0.10222555180886596,0.42151409600383877
CACATAGCAAGCCGCT_d10_w113,other,IGHV7-4-1,10,0.08646794642680439,0.07502568358755965,0.4566815642949888
CCTACACGTGGTTTCA_d02_w135,other,IGHV3-7,02,0.17243105827267155,0.04388810642886791,0.4007214822921206
CTCGGGAAGTGAACGC_d07_w124,other,IGHV3-72,07,0.05326937380416975,0.23777493472362723,0.14301995683932717
GGACATTAGTATCTCG_d08_w157,other,IGHV3-72,08,0.18720006018599994,0.04388810642886791,0.2027160611401859
