aho_aa_pos,region,expected_freq,observed_freq,phi_S_filter
106,FR3,0.004666250253124834,0.021451559129908215,-1.5254881395206346
23,FR1,0.006925222283017226,0.03213496617748028,-1.5348056943868305
45,FR2,0.008725212530292374,0.04104220276517795,-1.5484084113401413
100,FR3,0.00234586704934629,0.012943510689980363,-1.7080167359198068
77,FR3,0.015374962666535026,0.08581607981092826,-1.7194776665816744
7,FR1,0.006238538658004378,0.03600053887522045,-1.7528157185440683
51,CDR2,0.021626919016355925,0.12508586662595952,-1.7550696394343832
4,FR1,0.025254245440456593,0.14883686119219175,-1.7738632556858882
49,FR2,0.01043753902541061,0.06265274050368076,-1.7922145551957895
104,FR3,0.010417395074499224,0.06267341809358827,-1.7944763472738479
91,FR3,0.02162525097243705,0.13228861585027274,-1.8111319202121001
15,FR1,0.019708098930134896,0.1211327561769411,-1.815865693551726
48,FR2,0.009135725076413664,0.058663219243056994,-1.85963742792759
56,CDR2,0.025640406002039904,0.17037259164854937,-1.8938241571564214
19,FR1,0.006481651190969161,0.043861851600089,-1.9120924655122733
96,FR3,0.010500048057724266,0.0715493954425143,-1.919022198707704
18,FR1,0.004307159914400388,0.029551213484552807,-1.9258799131257398
16,FR1,0.0028007216928607782,0.019374330186272007,-1.9341234855460345
108,FR3,0.019553763606967117,0.1373052112186363,-1.9490457702823725
88,FR3,0.026972319086752686,0.1916002316858275,-1.9606051728403064
9,FR1,0.0031482987274724997,0.022954774936110107,-1.9867073156341701
22,FR1,0.007871622772609669,0.05749615199844311,-1.988471177659156
27,CDR1,0.012257519917208934,0.08962399706901036,-1.9894946467752694
6,FR1,0.007355509648101274,0.05528502193261479,-2.0170704642390285
26,CDR1,0.00805764008048552,0.06213262103887774,-2.0426665243651185
103,FR3,0.059336269196317966,0.46529788266224315,-2.059459216283408
105,FR3,0.028294678410559153,0.23623334641964608,-2.1221505607001165
53,CDR2,0.009110135408976287,0.07892708556942357,-2.1591495537012677
3,FR1,0.021693338831508646,0.1897077974653917,-2.1684850044071347
81,FR3,0.009084454760860642,0.08076511308654008,-2.184992800332246
1,FR1,0.006191035095412557,0.05999721038146333,-2.2712124415013433
52,CDR2,0.0061634120306465,0.06449471755279891,-2.347968301789437
70,FR3,0.014566679516540188,0.15419195140967554,-2.359468053806577
12,FR1,0.007047034131156227,0.07526012536096391,-2.3683569003364493
92,FR3,0.02046329040404475,0.23098488998370256,-2.423724057429379
89,FR3,0.01962948441874795,0.23125683119612458,-2.4665004974720364
11,FR1,0.008461787286385402,0.10040851707756518,-2.473696579903068
21,FR1,0.004450349513260541,0.05445710626790882,-2.5044490783422058
85,FR3,0.007312922139632506,0.08957747859617018,-2.505472157501954
5,FR1,0.006065559120514315,0.07470094786310655,-2.510879441414653
13,FR1,0.007854752837540916,0.09705382640580974,-2.5141572339140406
99,FR3,0.012249725168603903,0.15369504852406948,-2.529473439673898
71,FR3,0.014091782123465752,0.18728003576676364,-2.5870185543951867
31,CDR1,0.008710601961390885,0.11642851644799806,-2.5927451808816264
58,CDR2,0.014696968274985924,0.1995262589457148,-2.608309630597936
46,FR2,0.0022707992533960056,0.0316303527083498,-2.6340169394983115
2,FR1,0.006540853576563355,0.09242952475818786,-2.6483896053717517
73,FR3,0.009581170956987949,0.13778357609036285,-2.665891608792844
10,FR1,0.004454449000690074,0.0649779923018984,-2.6801606501298343
20,FR1,0.006914499730065536,0.10130965560555326,-2.6845709774427124
74,FR3,0.0070624196146967695,0.1069578165935295,-2.7176561543049007
82,FR3,0.011139126407555005,0.18165420985033442,-2.791646626967779
25,FR1,0.010174092222312074,0.16630207067375025,-2.7939673398249303
66,FR3,0.018165906754615907,0.30085767552401566,-2.80709405585492
87,FR3,0.016792297605689708,0.28054381499616415,-2.81581317503321
102,FR3,0.0026886774294809248,0.0451650347242776,-2.821295949403958
84,FR3,0.009722812281751387,0.16539776935476844,-2.8338844361203805
95,FR3,0.009193124981193044,0.1573985676130854,-2.840331668875915
76,FR3,0.004566162396320338,0.08031866497409383,-2.8673413708901068
101,FR3,0.0030975498565431895,0.05610724756603464,-2.8966713870323524
64,CDR2,0.014344380012657615,0.27276777633905575,-2.945266234436228
29,CDR1,0.00598339814060673,0.11597837555077707,-2.9644237208158537
42,FR2,0.016364307955630864,0.3174386930261167,-2.96518523808377
80,FR3,0.009350216023737295,0.18374835120408045,-2.9781731600478403
50,CDR2,0.0045535138804517015,0.09147261886670043,-3.000151395988053
30,CDR1,0.013561552905983355,0.2782637186430772,-3.0213340889010745
83,FR3,0.0018245128726212354,0.03826085772819776,-3.043140485903022
65,FR3,0.011887295818284155,0.2566684108446483,-3.0723186661705713
68,FR3,0.01155347577907516,0.25202086316220085,-3.082529517378543
72,FR3,0.005080157538331785,0.11101548642867705,-3.0843364440756815
79,FR3,0.005753879012884166,0.12628655826521376,-3.088687276825383
44,FR2,0.0029384843812726978,0.06619445917158795,-3.1147179361638604
90,FR3,0.006611822272881345,0.15443693845428322,-3.150933022667091
39,FR2,0.01146460493618226,0.27174277466888724,-3.1655951599689733
69,FR3,0.017306226984807088,0.41583604903257476,-3.1792270964081943
60,CDR2,0.01489098844480024,0.35960949743501575,-3.18426526652634
107,FR3,0.006293714424681097,0.15967071525333548,-3.2335685027985206
32,CDR1,0.013343763658798536,0.3389593494383638,-3.234834003192479
17,FR1,0.0020235635555963076,0.052573633979616695,-3.2573736661073007
33,CDR1,0.022243042891079142,0.6003830631836217,-3.2955402750768243
97,FR3,0.006347852777535612,0.17363752964110868,-3.308859112086763
78,FR3,0.0031283068323444117,0.08614827958679863,-3.315589690572654
94,FR3,0.010265033917307723,0.2842107412145793,-3.3209761733849805
59,CDR2,0.009967301623288866,0.28450035775698307,-3.35142812826572
61,CDR2,0.00970904823495308,0.30284190728514354,-3.4401559548171465
86,FR3,0.005212024538532873,0.17270315795780583,-3.5006116937162703
67,FR3,0.013240805120059504,0.4701263320593947,-3.5697002189552154
14,FR1,0.0025293173542245318,0.09233565293481641,-3.5974917233688646
38,CDR1,0.009480862246970744,0.4232339409199893,-3.7986521742938177
47,FR2,0.0026497115748303607,0.11994373676219242,-3.8125803153371915
34,CDR1,0.008428001337500901,0.43544152557028093,-3.94480315951187
24,FR1,0.003342795754304907,0.18354270090981625,-4.005645282195109
75,FR3,0.002850119978884024,0.16196455416153815,-4.0400225927427185
98,FR3,0.003280842424568436,0.18998917458047246,-4.058872131911174
62,CDR2,0.006928984422298667,0.5102638723412567,-4.2992166939770495
