nt_col,aho_aa_pos,region,expected_freq,observed_freq,phi_S_filter,omega
H316,106,FR3,0.004666250253124834,0.021451559129908215,-1.5254881395206346,0.0003406443173714976
H67,23,FR1,0.006925222283017226,0.03213496617748028,-1.5348056943868305,0.0016833728670900606
H133,45,FR2,0.008725212530292374,0.04104220276517795,-1.5484084113401413,0.012823787871046852
H298,100,FR3,0.00234586704934629,0.012943510689980363,-1.7080167359198068,0.025384201871995953
H229,77,FR3,0.015374962666535026,0.08581607981092826,-1.7194776665816744,0.21702111228026144
H19,7,FR1,0.006238538658004378,0.03600053887522045,-1.7528157185440683,0.12912891488906328
H151,51,CDR2,0.021626919016355925,0.12508586662595952,-1.7550696394343832,0.1305609948813082
H10,4,FR1,0.025254245440456593,0.14883686119219175,-1.7738632556858882,0.22803903023609648
H145,49,FR2,0.01043753902541061,0.06265274050368076,-1.7922145551957895,0.15441835964749934
H310,104,FR3,0.010417395074499224,0.06267341809358827,-1.7944763472738479,0.05196673217693469
H271,91,FR3,0.02162525097243705,0.13228861585027274,-1.8111319202121001,0.26707467683947633
H43,15,FR1,0.019708098930134896,0.1211327561769411,-1.815865693551726,0.17008574676473465
H142,48,FR2,0.009135725076413664,0.058663219243056994,-1.85963742792759,0.20006180771295196
H166,56,CDR2,0.025640406002039904,0.17037259164854937,-1.8938241571564214,0.3366247833873295
H55,19,FR1,0.006481651190969161,0.043861851600089,-1.9120924655122733,0.3804152264975851
H286,96,FR3,0.010500048057724266,0.0715493954425143,-1.919022198707704,0.3886340836194594
H52,18,FR1,0.004307159914400388,0.029551213484552807,-1.9258799131257398,0.24799352416382486
H46,16,FR1,0.0028007216928607782,0.019374330186272007,-1.9341234855460345,0.25417174339142873
H322,108,FR3,0.019553763606967117,0.1373052112186363,-1.9490457702823725,0.17702935441530163
H262,88,FR3,0.026972319086752686,0.1916002316858275,-1.9606051728403064,0.274446205143442
H25,9,FR1,0.0031482987274724997,0.022954774936110107,-1.9867073156341701,0.2948965647236228
H64,22,FR1,0.007871622772609669,0.05749615199844311,-1.988471177659156,0.29632072982244506
H79,27,CDR1,0.012257519917208934,0.08962399706901036,-1.9894946467752694,0.35656935190793454
H16,6,FR1,0.007355509648101274,0.05528502193261479,-2.0170704642390285,0.09126375842793753
H76,26,CDR1,0.00805764008048552,0.06213262103887774,-2.0426665243651185,0.34066956553782657
H307,103,FR3,0.059336269196317966,0.46529788266224315,-2.059459216283408,0.35491779095700526
H313,105,FR3,0.028294678410559153,0.23623334641964608,-2.1221505607001165,0.1367425016996905
H157,53,CDR2,0.009110135408976287,0.07892708556942357,-2.1591495537012677,0.1270079455693548
H7,3,FR1,0.021693338831508646,0.1897077974653917,-2.1684850044071347,0.12954106929145398
H241,81,FR3,0.009084454760860642,0.08076511308654008,-2.184992800332246,0.46925590133137296
H1,1,FR1,0.006191035095412557,0.05999721038146333,-2.2712124415013433,0.15900820561624282
H154,52,CDR2,0.0061634120306465,0.06449471755279891,-2.347968301789437,1.0253091926034859
H208,70,FR3,0.014566679516540188,0.15419195140967554,-2.359468053806577,0.21800783481596342
H34,12,FR1,0.007047034131156227,0.07526012536096391,-2.3683569003364493,0.6643192488262911
H274,92,FR3,0.02046329040404475,0.23098488998370256,-2.423724057429379,0.20874666854495302
H265,89,FR3,0.01962948441874795,0.23125683119612458,-2.4665004974720364,1.25503477472029
H31,11,FR1,0.008461787286385402,0.10040851707756518,-2.473696579903068,0.7936654043060523
H61,21,FR1,0.004450349513260541,0.05445710626790882,-2.5044490783422058,0.8340556759459911
H253,85,FR3,0.007312922139632506,0.08957747859617018,-2.505472157501954,0.8354308332487567
H13,5,FR1,0.006065559120514315,0.07470094786310655,-2.510879441414653,0.8426684603155191
H37,13,FR1,0.007854752837540916,0.09705382640580974,-2.5141572339140406,0.24202309222047427
H295,99,FR3,0.012249725168603903,0.15369504852406948,-2.529473439673898,0.24796485624661532
H211,71,FR3,0.014091782123465752,0.18728003576676364,-2.5870185543951867,0.948902222972118
H91,31,CDR1,0.008710601961390885,0.11642851644799806,-2.5927451808816264,0.23930465326444658
H172,58,CDR2,0.014696968274985924,0.1995262589457148,-2.608309630597936,0.5600469369588087
H136,46,FR2,0.0022707992533960056,0.0316303527083498,-2.6340169394983115,0.29102398713706135
H4,2,FR1,0.006540853576563355,0.09242952475818786,-2.6483896053717517,1.0405996960693142
H217,73,FR3,0.009581170956987949,0.13778357609036285,-2.665891608792844,1.0678062015503875
H28,10,FR1,0.004454449000690074,0.0649779923018984,-2.6801606501298343,1.3083896752706075
H58,20,FR1,0.006914499730065536,0.10130965560555326,-2.6845709774427124,0.7315752582038736
H220,74,FR3,0.0070624196146967695,0.1069578165935295,-2.7176561543049007,1.1510967633388716
H244,82,FR3,0.011139126407555005,0.18165420985033442,-2.791646626967779,0.8519347518108459
H73,25,FR1,0.010174092222312074,0.16630207067375025,-2.7939673398249303,1.282032013774386
H196,66,FR3,0.018165906754615907,0.30085767552401566,-2.80709405585492,1.3055833033111717
H259,87,FR3,0.016792297605689708,0.28054381499616415,-2.81581317503321,0.33034869845759496
H304,102,FR3,0.0026886774294809248,0.0451650347242776,-2.821295949403958,1.3313744964961651
H250,84,FR3,0.009722812281751387,0.16539776935476844,-2.8338844361203805,0.3386510747435271
H283,95,FR3,0.009193124981193044,0.1573985676130854,-2.840331668875915,0.34164985474499676
H226,76,FR3,0.004566162396320338,0.08031866497409383,-2.8673413708901068,1.417691056910569
H301,101,FR3,0.0030975498565431895,0.05610724756603464,-2.8966713870323524,1.4747593275540016
H190,64,CDR2,0.014344380012657615,0.27276777633905575,-2.945266234436228,0.3932804232804233
H85,29,CDR1,0.00598339814060673,0.11597837555077707,-2.9644237208158537,0.40330247220015886
H124,42,FR2,0.016364307955630864,0.3174386930261167,-2.96518523808377,0.4037078299857505
H238,80,FR3,0.009350216023737295,0.18374835120408045,-2.9781731600478403,0.9385558969242802
H148,50,CDR2,0.0045535138804517015,0.09147261886670043,-3.000151395988053,0.482877095492942
H88,30,CDR1,0.013561552905983355,0.2782637186430772,-3.0213340889010745,1.7369726639505847
H247,83,FR3,0.0018245128726212354,0.03826085772819776,-3.043140485903022,0.4465592972181552
H193,65,FR3,0.011887295818284155,0.2566684108446483,-3.0723186661705713,0.4634951322671872
H202,68,FR3,0.01155347577907516,0.25202086316220085,-3.082529517378543,1.8781396366256626
H214,72,FR3,0.005080157538331785,0.11101548642867705,-3.0843364440756815,0.4706071595694899
H235,79,FR3,0.005753879012884166,0.12628655826521376,-3.088687276825383,1.8928193753062854
H130,44,FR2,0.0029384843812726978,0.06619445917158795,-3.1147179361638604,1.9559061488673142
H268,90,FR3,0.006611822272881345,0.15443693845428322,-3.150933022667091,0.6821663674446439
H115,39,FR2,0.01146460493618226,0.27174277466888724,-3.1655951599689733,0.6947061695114418
H205,69,FR3,0.017306226984807088,0.41583604903257476,-3.1792270964081943,0.7065298619641124
H178,60,CDR2,0.01489098844480024,0.35960949743501575,-3.18426526652634,2.132819836560171
H319,107,FR3,0.006293714424681097,0.15967071525333548,-3.2335685027985206,2.265869929047922
H94,32,CDR1,0.013343763658798536,0.3389593494383638,-3.234834003192479,0.5673453820627602
H49,17,FR1,0.0020235635555963076,0.052573633979616695,-3.2573736661073007,2.3324657232934967
H97,33,CDR1,0.022243042891079142,0.6003830631836217,-3.2955402750768243,0.6106779791206076
H289,97,FR3,0.006347852777535612,0.17363752964110868,-3.308859112086763,1.6547702519515728
H232,78,FR3,0.0031283068323444117,0.08614827958679863,-3.315589690572654,2.5022771478722903
H280,94,FR3,0.010265033917307723,0.2842107412145793,-3.3209761733849805,0.6296292281006072
H175,59,CDR2,0.009967301623288866,0.28450035775698307,-3.35142812826572,0.8706168492046912
H181,61,CDR2,0.00970904823495308,0.30284190728514354,-3.4401559548171465,0.7251446724734519
H256,86,FR3,0.005212024538532873,0.17270315795780583,-3.5006116937162703,0.8892844935627207
H199,67,FR3,0.013240805120059504,0.4701263320593947,-3.5697002189552154,0.8427288912352432
H40,14,FR1,0.0025293173542245318,0.09233565293481641,-3.5974917233688646,0.994276664208621
H112,38,CDR1,0.009480862246970744,0.4232339409199893,-3.7986521742938177,1.0917074728550138
H139,47,FR2,0.0026497115748303607,0.11994373676219242,-3.8125803153371915,4.435060565275909
H100,34,CDR1,0.008428001337500901,0.43544152557028093,-3.94480315951187,1.2831819414316705
H70,24,FR1,0.003342795754304907,0.18354270090981625,-4.005645282195109,5.486056219192681
H223,75,FR3,0.002850119978884024,0.16196455416153815,-4.0400225927427185,1.6272612223628378
H292,98,FR3,0.003280842424568436,0.18998917458047246,-4.058872131911174,5.8133083114768915
H184,62,CDR2,0.006928984422298667,0.5102638723412567,-4.2992166939770495,7.528580208973571
