chain,nt_col,aho_nt_pos,aho_aa_pos,region,germ_nt,fivemer,hotspot_type,n_syn_mut,n_opportunity,mutability_raw,mutability
H,H1,1,1,FR1,C,NNCAG,edge,41731,1469735,0.028393553939995986,0.6007651815035656
H,H2,2,1,FR1,A,NCAGG,edge,41731,1469735,0.028393553939995986,0.6007651815035656
H,H3,3,1,FR1,G,CAGGT,neutral,41731,1469735,0.028393553939995986,0.6007651815035656
H,H4,4,2,FR1,G,AGGTG,neutral,44089,1469736,0.029997904385549515,0.6347108400377233
H,H5,5,2,FR1,T,GGTGC,neutral,44089,1469736,0.029997904385549515,0.6347108400377233
H,H6,6,2,FR1,G,GTGCA,WRC,44089,1469736,0.029997904385549515,0.6347108400377233
H,H7,7,3,FR1,C,TGCAG,neutral,146225,1469734,0.09949079221137974,2.1050765243095713
H,H8,8,3,FR1,A,GCAGC,neutral,146225,1469734,0.09949079221137974,2.1050765243095713
H,H9,9,3,FR1,G,CAGCT,WRC,146225,1469734,0.09949079221137974,2.1050765243095713
H,H10,10,4,FR1,C,AGCTG,neutral,170227,1469730,0.11582195369217475,2.4506195025470903
H,H11,11,4,FR1,T,GCTGG,neutral,170227,1469730,0.11582195369217475,2.4506195025470903
H,H12,12,4,FR1,G,CTGGT,neutral,170227,1469730,0.11582195369217475,2.4506195025470903
H,H13,13,5,FR1,G,TGGTG,neutral,40885,1469727,0.027818091387039907,0.5885892536219848
H,H14,14,5,FR1,T,GGTGG,neutral,40885,1469727,0.027818091387039907,0.5885892536219848
H,H15,15,5,FR1,G,GTGGA,neutral,40885,1469727,0.027818091387039907,0.5885892536219848
H,H16,16,6,FR1,G,TGGAG,neutral,49580,1469729,0.033734110165887725,0.7137633724717759
H,H17,17,6,FR1,A,GGAGT,neutral,49580,1469729,0.033734110165887725,0.7137633724717759
H,H18,18,6,FR1,G,GAGTC,neutral,49580,1469729,0.033734110165887725,0.7137633724717759
H,H19,19,7,FR1,T,AGTCT,SYC_cold,42051,1469728,0.028611416534215856,0.6053748285113313
H,H20,20,7,FR1,C,GTCTN,edge,42051,1469728,0.028611416534215856,0.6053748285113313
H,H21,21,7,FR1,T,TCTNN,edge,42051,1469728,0.028611416534215856,0.6053748285113313
H,H22,22,8,FR1,"",CTNNN,edge,0,0,0.0,0.0
H,H23,23,8,FR1,"",TNNNG,edge,0,0,0.0,0.0
H,H24,24,8,FR1,"",NNNGG,edge,0,0,0.0,0.0
H,H25,25,9,FR1,G,NNGGG,edge,21221,1469716,0.014438843967133786,0.3055043667639592
H,H26,26,9,FR1,G,NGGGG,edge,21221,1469716,0.014438843967133786,0.3055043667639592
H,H27,27,9,FR1,G,GGGGC,neutral,21221,1469716,0.014438843967133786,0.3055043667639592
H,H28,28,10,FR1,G,GGGCA,RGYW,30025,1469713,0.020429158618043116,0.4322504752688081
H,H29,29,10,FR1,C,GGCAG,neutral,30025,1469713,0.020429158618043116,0.4322504752688081
H,H30,30,10,FR1,A,GCAGG,neutral,30025,1469713,0.020429158618043116,0.4322504752688081
H,H31,31,11,FR1,G,CAGGC,neutral,57036,1469706,0.038807761552310464,0.8211142557916857
H,H32,32,11,FR1,G,AGGCG,neutral,57036,1469706,0.038807761552310464,0.8211142557916857
H,H33,33,11,FR1,C,GGCGT,neutral,57036,1469706,0.038807761552310464,0.8211142557916857
H,H34,34,12,FR1,G,GCGTG,neutral,47499,1469676,0.03231936835057523,0.6838295492789116
H,H35,35,12,FR1,T,CGTGG,neutral,47499,1469676,0.03231936835057523,0.6838295492789116
H,H36,36,12,FR1,G,GTGGT,neutral,47499,1469676,0.03231936835057523,0.6838295492789116
H,H37,37,13,FR1,G,TGGTG,neutral,52943,1469669,0.03602375773048217,0.7622088942134256
H,H38,38,13,FR1,T,GGTGA,neutral,52943,1469669,0.03602375773048217,0.7622088942134256
H,H39,39,13,FR1,G,GTGAA,neutral,52943,1469669,0.03602375773048217,0.7622088942134256
H,H40,40,14,FR1,A,TGAAG,neutral,17048,1469649,0.011600048719115925,0.2454397004657201
H,H41,41,14,FR1,A,GAAGC,WA,17048,1469649,0.011600048719115925,0.2454397004657201
H,H42,42,14,FR1,G,AAGCC,WRC,17048,1469649,0.011600048719115925,0.2454397004657201
H,H43,43,15,FR1,C,AGCCT,SYC_cold,132833,1469619,0.0903860116125336,1.9124329693472253
H,H44,44,15,FR1,C,GCCTG,neutral,132833,1469619,0.0903860116125336,1.9124329693472253
H,H45,45,15,FR1,T,CCTGG,neutral,132833,1469619,0.0903860116125336,1.9124329693472253
H,H46,46,16,FR1,G,CTGGG,neutral,18877,1469625,0.012844773326528877,0.2717762135445229
H,H47,47,16,FR1,G,TGGGG,neutral,18877,1469625,0.012844773326528877,0.2717762135445229
H,H48,48,16,FR1,G,GGGGG,neutral,18877,1469625,0.012844773326528877,0.2717762135445229
H,H49,49,17,FR1,G,GGGGG,neutral,13639,1469634,0.00928054195806575,0.19636240273659855
H,H50,50,17,FR1,G,GGGGT,neutral,13639,1469634,0.00928054195806575,0.19636240273659855
H,H51,51,17,FR1,G,GGGTC,neutral,13639,1469634,0.00928054195806575,0.19636240273659855
H,H52,52,18,FR1,T,GGTCC,SYC_cold,29031,1469652,0.019753655967535172,0.41795784838257327
H,H53,53,18,FR1,C,GTCCC,neutral,29031,1469652,0.019753655967535172,0.41795784838257327
H,H54,54,18,FR1,C,TCCCT,SYC_cold,29031,1469652,0.019753655967535172,0.41795784838257327
H,H55,55,19,FR1,C,CCCTG,neutral,43687,1469637,0.029726388216954256,0.6289659635544201
H,H56,56,19,FR1,T,CCTGA,neutral,43687,1469637,0.029726388216954256,0.6289659635544201
H,H57,57,19,FR1,G,CTGAG,neutral,43687,1469637,0.029726388216954256,0.6289659635544201
H,H58,58,20,FR1,A,TGAGA,neutral,46604,1469623,0.03171153418257608,0.6709686863860951
H,H59,59,20,FR1,G,GAGAC,neutral,46604,1469623,0.03171153418257608,0.6709686863860951
H,H60,60,20,FR1,A,AGACT,neutral,46604,1469623,0.03171153418257608,0.6709686863860951
H,H61,61,21,FR1,C,GACTC,neutral,29995,1469597,0.020410357397300075,0.43185266952684104
H,H62,62,21,FR1,T,ACTCT,SYC_cold,29995,1469597,0.020410357397300075,0.43185266952684104
H,H63,63,21,FR1,C,CTCTC,neutral,29995,1469597,0.020410357397300075,0.43185266952684104
H,H64,64,22,FR1,T,TCTCC,SYC_cold,53054,1469594,0.036101127250111255,0.7638459176589949
H,H65,65,22,FR1,C,CTCCT,neutral,53054,1469594,0.036101127250111255,0.7638459176589949
H,H66,66,22,FR1,C,TCCTG,neutral,53054,1469594,0.036101127250111255,0.7638459176589949
H,H67,67,23,FR1,T,CCTGT,neutral,46675,1469583,0.03176071035116764,0.6720091806444748
H,H68,68,23,FR1,G,CTGTA,neutral,46675,1469583,0.03176071035116764,0.6720091806444748
H,H69,69,23,FR1,T,TGTAC,TW,46675,1469583,0.03176071035116764,0.6720091806444748
H,H70,70,24,FR1,A,GTACA,WRC,22519,1468868,0.01533085341909552,0.32437795410857895
H,H71,71,24,FR1,C,TACAG,neutral,22519,1468868,0.01533085341909552,0.32437795410857895
H,H72,72,24,FR1,A,ACAGC,neutral,22519,1468868,0.01533085341909552,0.32437795410857895
H,H73,73,25,FR1,G,CAGCC,WRC,68533,1468749,0.04666079772650058,0.9872727688299467
H,H74,74,25,FR1,C,AGCCT,SYC_cold,68533,1468749,0.04666079772650058,0.9872727688299467
H,H75,75,25,FR1,C,GCCTA,neutral,68533,1468749,0.04666079772650058,0.9872727688299467
H,H115,115,39,FR2,T,CCTAT,TW,77159,1467476,0.05257939482485574,1.1125014410685132
H,H116,116,39,FR2,A,CTATT,WA,77159,1467476,0.05257939482485574,1.1125014410685132
H,H117,117,39,FR2,T,TATTG,TW,77159,1467476,0.05257939482485574,1.1125014410685132
H,H118,118,40,FR2,T,ATTGC,neutral,62247,1467767,0.04240931973535309,0.8973178462299866
H,H119,119,40,FR2,G,TTGCA,WRC,62247,1467767,0.04240931973535309,0.8973178462299866
H,H120,120,40,FR2,C,TGCAT,neutral,62247,1467767,0.04240931973535309,0.8973178462299866
H,H121,121,41,FR2,A,GCATG,neutral,13675,1468032,0.009315192039410586,0.19709554669075924
H,H122,122,41,FR2,T,CATGA,neutral,13675,1468032,0.009315192039410586,0.19709554669075924
H,H123,123,41,FR2,G,ATGAG,neutral,13675,1468032,0.009315192039410586,0.19709554669075924
H,H124,124,42,FR2,A,TGAGC,neutral,110179,1468063,0.07505059387778318,1.5879584411384597
H,H125,125,42,FR2,G,GAGCT,WRC,110179,1468063,0.07505059387778318,1.5879584411384597
H,H126,126,42,FR2,C,AGCTG,neutral,110179,1468063,0.07505059387778318,1.5879584411384597
H,H127,127,43,FR2,T,GCTGG,neutral,0,1468106,0.0,0.0
H,H128,128,43,FR2,G,CTGGG,neutral,0,1468106,0.0,0.0
H,H129,129,43,FR2,G,TGGGT,neutral,0,1468106,0.0,0.0
H,H130,130,44,FR2,G,GGGTC,neutral,19776,1467434,0.01347658565904838,0.2851444185752991
H,H131,131,44,FR2,T,GGTCC,SYC_cold,19776,1467434,0.01347658565904838,0.2851444185752991
H,H132,132,44,FR2,C,GTCCG,neutral,19776,1467434,0.01347658565904838,0.2851444185752991
H,H133,133,45,FR2,C,TCCGC,neutral,58719,1467392,0.040015892140614094,0.8466764940974673
H,H134,134,45,FR2,G,CCGCC,neutral,58719,1467392,0.040015892140614094,0.8466764940974673
H,H135,135,45,FR2,C,CGCCA,SYC_cold,58719,1467392,0.040015892140614094,0.8466764940974673
H,H136,136,46,FR2,C,GCCAG,neutral,15282,1467388,0.010414423451738736,0.22035364112787412
H,H137,137,46,FR2,A,CCAGG,neutral,15282,1467388,0.010414423451738736,0.22035364112787412
H,H138,138,46,FR2,G,CAGGC,neutral,15282,1467388,0.010414423451738736,0.22035364112787412
H,H139,139,47,FR2,G,AGGCT,RGYW,17832,1467388,0.012152205142743433,0.2571225054699811
H,H140,140,47,FR2,C,GGCTC,neutral,17832,1467388,0.012152205142743433,0.2571225054699811
H,H141,141,47,FR2,T,GCTCC,SYC_cold,17832,1467388,0.012152205142743433,0.2571225054699811
H,H142,142,48,FR2,C,CTCCA,neutral,61481,1467376,0.04189859994984244,0.886511778582091
H,H143,143,48,FR2,C,TCCAG,neutral,61481,1467376,0.04189859994984244,0.886511778582091
H,H144,144,48,FR2,A,CCAGG,neutral,61481,1467376,0.04189859994984244,0.886511778582091
H,H145,145,49,FR2,G,CAGGG,neutral,70241,1467358,0.04786902719036527,1.0128370991948805
H,H146,146,49,FR2,G,AGGGG,neutral,70241,1467358,0.04786902719036527,1.0128370991948805
H,H147,147,49,FR2,G,GGGGG,neutral,70241,1467358,0.04786902719036527,1.0128370991948805
H,H193,193,65,FR3,G,GGGGT,neutral,79914,1465829,0.054517955368600296,1.153518485971717
H,H194,194,65,FR3,G,GGGTG,neutral,79914,1465829,0.054517955368600296,1.153518485971717
H,H195,195,65,FR3,T,GGTGG,neutral,79914,1465829,0.054517955368600296,1.153518485971717
H,H196,196,66,FR3,G,GTGGT,neutral,122132,1465939,0.08331315286652446,1.7627818451070218
H,H197,197,66,FR3,G,TGGTA,RGYW,122132,1465939,0.08331315286652446,1.7627818451070218
H,H198,198,66,FR3,T,GGTAG,TW,122132,1465939,0.08331315286652446,1.7627818451070218
H,H199,199,67,FR3,A,GTAGC,WA,89027,1466057,0.0607254697464014,1.2848602162019904
H,H200,200,67,FR3,G,TAGCA,WRC,89027,1466057,0.0607254697464014,1.2848602162019904
H,H201,201,67,FR3,C,AGCAC,neutral,89027,1466057,0.0607254697464014,1.2848602162019904
H,H202,202,68,FR3,A,GCACA,neutral,77716,1466700,0.05298697756869162,1.1211252830009373
H,H203,203,68,FR3,C,CACAA,neutral,77716,1466700,0.05298697756869162,1.1211252830009373
H,H204,204,68,FR3,A,ACAAA,neutral,77716,1466700,0.05298697756869162,1.1211252830009373
H,H205,205,69,FR3,A,CAAAC,WA,116419,1466780,0.07937045773735665,1.6793603065460743
H,H206,206,69,FR3,A,AAACT,WRC,116419,1466780,0.07937045773735665,1.6793603065460743
H,H207,207,69,FR3,C,AACTA,neutral,116419,1466780,0.07937045773735665,1.6793603065460743
H,H208,208,70,FR3,T,ACTAC,TW,98024,1467288,0.06680624390031133,1.413520312644162
H,H209,209,70,FR3,A,CTACG,WRC,98024,1467288,0.06680624390031133,1.413520312644162
H,H210,210,70,FR3,C,TACGC,neutral,98024,1467288,0.06680624390031133,1.413520312644162
H,H211,211,71,FR3,G,ACGCA,neutral,94828,1467284,0.06462825192668904,1.3674372563944348
H,H212,212,71,FR3,C,CGCAC,neutral,94828,1467284,0.06462825192668904,1.3674372563944348
H,H213,213,71,FR3,A,GCACA,neutral,94828,1467284,0.06462825192668904,1.3674372563944348
H,H214,214,72,FR3,C,CACAG,neutral,34192,1467543,0.023298806236001262,0.49296793162165464
H,H215,215,72,FR3,A,ACAGT,neutral,34192,1467543,0.023298806236001262,0.49296793162165464
H,H216,216,72,FR3,G,CAGTC,neutral,34192,1467543,0.023298806236001262,0.49296793162165464
H,H217,217,73,FR3,T,AGTCC,SYC_cold,64500,1467860,0.043941520308476284,0.9297369212551664
H,H218,218,73,FR3,C,GTCCG,neutral,64500,1467860,0.043941520308476284,0.9297369212551664
H,H219,219,73,FR3,C,TCCGT,neutral,64500,1467860,0.043941520308476284,0.9297369212551664
H,H220,220,74,FR3,G,CCGTG,neutral,47549,1468018,0.032389929823748755,0.6853225246326781
H,H221,221,74,FR3,T,CGTGA,neutral,47549,1468018,0.032389929823748755,0.6853225246326781
H,H222,222,74,FR3,G,GTGAA,neutral,47549,1468018,0.032389929823748755,0.6853225246326781
H,H223,223,75,FR3,A,TGAAG,neutral,19190,1468099,0.013071325571368144,0.2765697205770885
H,H224,224,75,FR3,A,GAAGG,WA,19190,1468099,0.013071325571368144,0.2765697205770885
H,H225,225,75,FR3,G,AAGGG,neutral,19190,1468099,0.013071325571368144,0.2765697205770885
H,H226,226,76,FR3,G,AGGGC,neutral,30750,1468376,0.020941502721373816,0.44309091105505094
H,H227,227,76,FR3,G,GGGCC,neutral,30750,1468376,0.020941502721373816,0.44309091105505094
H,H228,228,76,FR3,C,GGCCG,SYC_cold,30750,1468376,0.020941502721373816,0.44309091105505094
H,H229,229,77,FR3,C,GCCGA,neutral,103589,1469072,0.07051322195236176,1.4919544300137655
H,H230,230,77,FR3,G,CCGAG,neutral,103589,1469072,0.07051322195236176,1.4919544300137655
H,H231,231,77,FR3,A,CGAGT,neutral,103589,1469072,0.07051322195236176,1.4919544300137655
H,H232,232,78,FR3,G,GAGTC,neutral,21079,1469211,0.014347156398910708,0.3035643948012537
H,H233,233,78,FR3,T,AGTCA,SYC_cold,21079,1469211,0.014347156398910708,0.3035643948012537
H,H234,234,78,FR3,C,GTCAC,neutral,21079,1469211,0.014347156398910708,0.3035643948012537
H,H235,235,79,FR3,A,TCACC,neutral,38771,1469230,0.02638865255950396,0.5583444636077554
H,H236,236,79,FR3,C,CACCA,neutral,38771,1469230,0.02638865255950396,0.5583444636077554
H,H237,237,79,FR3,C,ACCAT,neutral,38771,1469230,0.02638865255950396,0.5583444636077554
H,H238,238,80,FR3,A,CCATC,neutral,63005,1469254,0.04288230625882251,0.9073255344264464
H,H239,239,80,FR3,T,CATCT,neutral,63005,1469254,0.04288230625882251,0.9073255344264464
H,H240,240,80,FR3,C,ATCTC,neutral,63005,1469254,0.04288230625882251,0.9073255344264464
H,H241,241,81,FR3,T,TCTCC,SYC_cold,61215,1469273,0.04166346213399416,0.8815366136937866
H,H242,242,81,FR3,C,CTCCA,neutral,61215,1469273,0.04166346213399416,0.8815366136937866
H,H243,243,81,FR3,C,TCCAG,neutral,61215,1469273,0.04166346213399416,0.8815366136937866
H,H244,244,82,FR3,A,CCAGA,neutral,75057,1469209,0.051086673169031774,1.0809176809520256
H,H245,245,82,FR3,G,CAGAG,neutral,75057,1469209,0.051086673169031774,1.0809176809520256
H,H246,246,82,FR3,A,AGAGA,neutral,75057,1469209,0.051086673169031774,1.0809176809520256
H,H247,247,83,FR3,G,GAGAC,neutral,12294,1469230,0.008367648360025319,0.17704693806179214
H,H248,248,83,FR3,A,AGACA,neutral,12294,1469230,0.008367648360025319,0.17704693806179214
H,H249,249,83,FR3,C,GACAA,neutral,12294,1469230,0.008367648360025319,0.17704693806179214
H,H250,250,84,FR3,A,ACAAG,neutral,65504,1468992,0.04459112098636344,0.9434815010981986
H,H251,251,84,FR3,A,CAAGT,WA,65504,1468992,0.04459112098636344,0.9434815010981986
H,H252,252,84,FR3,G,AAGTC,neutral,65504,1468992,0.04459112098636344,0.9434815010981986
H,H253,253,85,FR3,T,AGTCC,SYC_cold,49265,1468896,0.03353879376075638,0.7096307691411985
H,H254,254,85,FR3,C,GTCCA,neutral,49265,1468896,0.03353879376075638,0.7096307691411985
H,H255,255,85,FR3,C,TCCAA,neutral,49265,1468896,0.03353879376075638,0.7096307691411985
H,H256,256,86,FR3,A,CCAAG,neutral,35108,1468734,0.023903579545377175,0.5057640313189151
H,H257,257,86,FR3,A,CAAGA,WA,35108,1468734,0.023903579545377175,0.5057640313189151
H,H258,258,86,FR3,G,AAGAA,neutral,35108,1468734,0.023903579545377175,0.5057640313189151
H,H259,259,87,FR3,A,AGAAC,neutral,113135,1469029,0.07701345582694419,1.629489667474064
H,H260,260,87,FR3,A,GAACA,WRC,113135,1469029,0.07701345582694419,1.629489667474064
H,H261,261,87,FR3,C,AACAC,neutral,113135,1469029,0.07701345582694419,1.629489667474064
H,H262,262,88,FR3,A,ACACG,neutral,181746,1469231,0.1237014465390398,2.61733779925298
H,H263,263,88,FR3,C,CACGC,neutral,181746,1469231,0.1237014465390398,2.61733779925298
H,H264,264,88,FR3,G,ACGCT,neutral,181746,1469231,0.1237014465390398,2.61733779925298
H,H265,265,89,FR3,C,CGCTC,neutral,132280,1469362,0.09002546683526592,1.9048043805128327
H,H266,266,89,FR3,T,GCTCT,SYC_cold,132280,1469362,0.09002546683526592,1.9048043805128327
H,H267,267,89,FR3,C,CTCTA,neutral,132280,1469362,0.09002546683526592,1.9048043805128327
H,H268,268,90,FR3,T,TCTAC,TW,44560,1469493,0.030323383643202112,0.6415974948648201
H,H269,269,90,FR3,A,CTACC,WRC,44560,1469493,0.030323383643202112,0.6415974948648201
H,H270,270,90,FR3,C,TACCT,neutral,44560,1469493,0.030323383643202112,0.6415974948648201
H,H271,271,91,FR3,C,ACCTG,neutral,145748,1469552,0.0991785251559659,2.098469419942864
H,H272,272,91,FR3,T,CCTGC,neutral,145748,1469552,0.0991785251559659,2.098469419942864
H,H273,273,91,FR3,G,CTGCA,WRC,145748,1469552,0.0991785251559659,2.098469419942864
H,H274,274,92,FR3,C,TGCAG,neutral,137917,1469555,0.09384949865775694,1.98571518078705
H,H275,275,92,FR3,A,GCAGA,neutral,137917,1469555,0.09384949865775694,1.98571518078705
H,H276,276,92,FR3,G,CAGAT,neutral,137917,1469555,0.09384949865775694,1.98571518078705
H,H277,277,93,FR3,A,AGATG,neutral,94751,1469508,0.06447804299125966,1.3642590597323545
H,H278,278,93,FR3,T,GATGA,neutral,94751,1469508,0.06447804299125966,1.3642590597323545
H,H279,279,93,FR3,G,ATGAG,neutral,94751,1469508,0.06447804299125966,1.3642590597323545
H,H280,280,94,FR3,A,TGAGC,neutral,69180,1469480,0.04707787788877698,0.9960975619474636
H,H281,281,94,FR3,G,GAGCA,WRC,69180,1469480,0.04707787788877698,0.9960975619474636
H,H282,282,94,FR3,C,AGCAG,neutral,69180,1469480,0.04707787788877698,0.9960975619474636
H,H283,283,95,FR3,A,GCAGC,neutral,61960,1469575,0.04216184951431536,0.8920817460724421
H,H284,284,95,FR3,G,CAGCC,WRC,61960,1469575,0.04216184951431536,0.8920817460724421
H,H285,285,95,FR3,C,AGCCT,SYC_cold,61960,1469575,0.04216184951431536,0.8920817460724421
H,H286,286,96,FR3,C,GCCTG,neutral,70773,1469670,0.04815570842434016,1.018902845805064
H,H287,287,96,FR3,T,CCTGA,neutral,70773,1469670,0.04815570842434016,1.018902845805064
H,H288,288,96,FR3,G,CTGAG,neutral,70773,1469670,0.04815570842434016,1.018902845805064
H,H289,289,97,FR3,A,TGAGA,neutral,42786,1469665,0.02911275698883759,0.6159824435303038
H,H290,290,97,FR3,G,GAGAG,neutral,42786,1469665,0.02911275698883759,0.6159824435303038
H,H291,291,97,FR3,A,AGAGC,neutral,42786,1469665,0.02911275698883759,0.6159824435303038
H,H292,292,98,FR3,G,GAGCC,WRC,22114,1469689,0.015046720768815715,0.3183661317218087
H,H293,293,98,FR3,C,AGCCG,SYC_cold,22114,1469689,0.015046720768815715,0.3183661317218087
H,H294,294,98,FR3,C,GCCGA,neutral,22114,1469689,0.015046720768815715,0.3183661317218087
H,H295,295,99,FR3,G,CCGAG,neutral,82567,1469683,0.0561801422483624,1.1886878770463047
H,H296,296,99,FR3,A,CGAGG,neutral,82567,1469683,0.0561801422483624,1.1886878770463047
H,H297,297,99,FR3,G,GAGGA,neutral,82567,1469683,0.0561801422483624,1.1886878770463047
H,H298,298,100,FR3,G,AGGAC,neutral,15812,1469694,0.010758702151604347,0.2276380640658998
H,H299,299,100,FR3,A,GGACA,neutral,15812,1469694,0.010758702151604347,0.2276380640658998
H,H300,300,100,FR3,C,GACAC,neutral,15812,1469694,0.010758702151604347,0.2276380640658998
H,H301,301,101,FR3,A,ACACG,neutral,20879,1469721,0.0142060976198884,0.3005798017784466
H,H302,302,101,FR3,C,CACGG,neutral,20879,1469721,0.0142060976198884,0.3005798017784466
H,H303,303,101,FR3,G,ACGGC,neutral,20879,1469721,0.0142060976198884,0.3005798017784466
H,H304,304,102,FR3,G,CGGCC,neutral,18123,1469721,0.012330911785298026,0.2609036710393596
H,H305,305,102,FR3,C,GGCCG,SYC_cold,18123,1469721,0.012330911785298026,0.2609036710393596
H,H306,306,102,FR3,C,GCCGT,neutral,18123,1469721,0.012330911785298026,0.2609036710393596
H,H307,307,103,FR3,G,CCGTG,neutral,399956,1469723,0.2721301905188937,5.757868269860767
H,H308,308,103,FR3,T,CGTGT,neutral,399956,1469723,0.2721301905188937,5.757868269860767
H,H309,309,103,FR3,G,GTGTA,neutral,399956,1469723,0.2721301905188937,5.757868269860767
H,H310,310,104,FR3,T,TGTAT,TW,70218,1469714,0.04777664225828971,1.0108823720549156
H,H311,311,104,FR3,A,GTATT,WA,70218,1469714,0.04777664225828971,1.0108823720549156
H,H312,312,104,FR3,T,TATTA,TW,70218,1469714,0.04777664225828971,1.0108823720549156
H,H313,313,105,FR3,T,ATTAC,TW,190721,1469729,0.12976609973675418,2.7456568003467035
H,H314,314,105,FR3,A,TTACT,WRC,190721,1469729,0.12976609973675418,2.7456568003467035
H,H315,315,105,FR3,C,TACTG,neutral,190721,1469729,0.12976609973675418,2.7456568003467035
H,H316,316,106,FR3,T,ACTGT,neutral,31453,1469730,0.021400529348928034,0.4528032287099792
H,H317,317,106,FR3,G,CTGTG,neutral,31453,1469730,0.021400529348928034,0.4528032287099792
H,H318,318,106,FR3,T,TGTGC,neutral,31453,1469730,0.021400529348928034,0.4528032287099792
H,H319,319,107,FR3,G,GTGCG,WRC,42423,1469731,0.02886446567433088,0.6107289702616664
H,H320,320,107,FR3,C,TGCGA,neutral,42423,1469731,0.02886446567433088,0.6107289702616664
H,H321,321,107,FR3,G,GCGAG,neutral,42423,1469731,0.02886446567433088,0.6107289702616664
H,H322,322,108,FR3,A,CGAGA,neutral,131803,1469733,0.08967819325006651,1.8974565902754919
H,H323,323,108,FR3,G,GAGAT,neutral,131803,1469733,0.08967819325006651,1.8974565902754919
H,H324,324,108,FR3,A,AGATC,neutral,131803,1469733,0.08967819325006651,1.8974565902754919
H,H76,76,26,CDR1,T,GATCT,neutral,54274,1468681,0.03695424670163228,0.7818966506958092
H,H77,77,26,CDR1,C,ATCTG,neutral,54274,1468681,0.03695424670163228,0.7818966506958092
H,H78,78,26,CDR1,T,TCTGG,neutral,54274,1468681,0.03695424670163228,0.7818966506958092
H,H79,79,27,CDR1,G,CTGGA,neutral,82550,1468446,0.056215890812464336,1.1894442632544764
H,H80,80,27,CDR1,G,TGGAN,edge,82550,1468446,0.056215890812464336,1.1894442632544764
H,H81,81,27,CDR1,A,GGANN,edge,82550,1468446,0.056215890812464336,1.1894442632544764
H,H82,82,28,CDR1,"",GANNN,edge,0,0,0.0,0.0
H,H83,83,28,CDR1,"",ANNNT,edge,0,0,0.0,0.0
H,H84,84,28,CDR1,"",NNNTT,edge,0,0,0.0,0.0
H,H85,85,29,CDR1,T,NNTTC,edge,40288,1468153,0.027441281664785617,0.5806165228514444
H,H86,86,29,CDR1,T,NTTCA,edge,40288,1468153,0.027441281664785617,0.5806165228514444
H,H87,87,29,CDR1,C,TTCAC,neutral,40288,1468153,0.027441281664785617,0.5806165228514444
H,H88,88,30,CDR1,A,TCACC,neutral,91308,1468057,0.06219649509521769,1.3159849148763998
H,H89,89,30,CDR1,C,CACCT,neutral,91308,1468057,0.06219649509521769,1.3159849148763998
H,H90,90,30,CDR1,C,ACCTT,neutral,91308,1468057,0.06219649509521769,1.3159849148763998
H,H91,91,31,CDR1,T,CCTTC,TW,58647,1468051,0.03994888460959463,0.8452587148501041
H,H92,92,31,CDR1,T,CTTCA,neutral,58647,1468051,0.03994888460959463,0.8452587148501041
H,H93,93,31,CDR1,C,TTCAG,neutral,58647,1468051,0.03994888460959463,0.8452587148501041
H,H94,94,32,CDR1,A,TCAGC,neutral,89802,1467409,0.06119766200152786,1.2948510988669473
H,H95,95,32,CDR1,G,CAGCA,WRC,89802,1467409,0.06119766200152786,1.2948510988669473
H,H96,96,32,CDR1,C,AGCAG,neutral,89802,1467409,0.06119766200152786,1.2948510988669473
H,H97,97,33,CDR1,A,GCAGC,neutral,149717,1467643,0.10201186528331481,2.158418664037679
H,H98,98,33,CDR1,G,CAGCA,WRC,149717,1467643,0.10201186528331481,2.158418664037679
H,H99,99,33,CDR1,C,AGCAG,neutral,149717,1467643,0.10201186528331481,2.158418664037679
H,H100,100,34,CDR1,A,GCAGT,neutral,7376,190827,0.038652811185000024,0.8178357375146844
H,H101,101,34,CDR1,G,CAGTN,edge,7376,190827,0.038652811185000024,0.8178357375146844
H,H102,102,34,CDR1,T,AGTNN,edge,7376,190827,0.038652811185000024,0.8178357375146844
H,H103,103,35,CDR1,"",GTNNN,edge,0,0,0.0,0.0
H,H104,104,35,CDR1,"",TNNNN,edge,0,0,0.0,0.0
H,H105,105,35,CDR1,"",NNNNN,edge,0,0,0.0,0.0
H,H106,106,36,CDR1,"",NNNNN,edge,0,0,0.0,0.0
H,H107,107,36,CDR1,"",NNNNN,edge,0,0,0.0,0.0
H,H108,108,36,CDR1,"",NNNNN,edge,0,0,0.0,0.0
H,H109,109,37,CDR1,"",NNNNN,edge,0,0,0.0,0.0
H,H110,110,37,CDR1,"",NNNNA,edge,0,0,0.0,0.0
H,H111,111,37,CDR1,"",NNNAG,edge,0,0,0.0,0.0
H,H112,112,38,CDR1,A,NNAGT,edge,9394,216046,0.04348148079575646,0.9200031724633807
H,H113,113,38,CDR1,G,NAGTA,edge,9394,216046,0.04348148079575646,0.9200031724633807
H,H114,114,38,CDR1,T,AGTAA,TW,9394,216046,0.04348148079575646,0.9200031724633807
H,H148,148,50,CDR2,A,GTAAG,WA,30644,1467379,0.020883493630479925,0.44186352535710793
H,H149,149,50,CDR2,A,TAAGG,WA,30644,1467379,0.020883493630479925,0.44186352535710793
H,H150,150,50,CDR2,G,AAGGG,neutral,30644,1467379,0.020883493630479925,0.44186352535710793
H,H151,151,51,CDR2,G,AGGGG,neutral,145545,1467392,0.09918617520062806,2.098631283458776
H,H152,152,51,CDR2,G,GGGGC,neutral,145545,1467392,0.09918617520062806,2.098631283458776
H,H153,153,51,CDR2,G,GGGCT,RGYW,145545,1467392,0.09918617520062806,2.098631283458776
H,H154,154,52,CDR2,C,GGCTG,neutral,41479,1467407,0.028266868019574665,0.5980846966957567
H,H155,155,52,CDR2,T,GCTGG,neutral,41479,1467407,0.028266868019574665,0.5980846966957567
H,H156,156,52,CDR2,G,CTGGA,neutral,41479,1467407,0.028266868019574665,0.5980846966957567
H,H157,157,53,CDR2,G,TGGAG,neutral,61310,1467405,0.041781239671392696,0.8840286104259253
H,H158,158,53,CDR2,A,GGAGT,neutral,61310,1467405,0.041781239671392696,0.8840286104259253
H,H159,159,53,CDR2,G,GAGTG,neutral,61310,1467405,0.041781239671392696,0.8840286104259253
H,H160,160,54,CDR2,T,AGTGG,neutral,208,1467416,0.0001417457626194617,0.0029991285693718363
H,H161,161,54,CDR2,G,GTGGA,neutral,208,1467416,0.0001417457626194617,0.0029991285693718363
H,H162,162,54,CDR2,G,TGGAT,neutral,208,1467416,0.0001417457626194617,0.0029991285693718363
H,H163,163,55,CDR2,A,GGATG,neutral,22933,1467389,0.015628439357252916,0.33067442796767565
H,H164,164,55,CDR2,T,GATGG,neutral,22933,1467389,0.015628439357252916,0.33067442796767565
H,H165,165,55,CDR2,G,ATGGG,neutral,22933,1467389,0.015628439357252916,0.33067442796767565
H,H166,166,56,CDR2,G,TGGGA,neutral,172543,1467290,0.11759297753000429,2.488091721052364
H,H167,167,56,CDR2,G,GGGAT,neutral,172543,1467290,0.11759297753000429,2.488091721052364
H,H168,168,56,CDR2,A,GGATG,neutral,172543,1467290,0.11759297753000429,2.488091721052364
H,H169,169,57,CDR2,T,GATGT,neutral,81097,1466910,0.055284236933417864,1.1697318590613741
H,H170,170,57,CDR2,G,ATGTA,neutral,81097,1466910,0.055284236933417864,1.1697318590613741
H,H171,171,57,CDR2,T,TGTAT,TW,81097,1466910,0.055284236933417864,1.1697318590613741
H,H172,172,58,CDR2,A,GTATC,WA,98856,1466624,0.06740377901902601,1.4261632630408616
H,H173,173,58,CDR2,T,TATCA,neutral,98856,1466624,0.06740377901902601,1.4261632630408616
H,H174,174,58,CDR2,C,ATCAA,neutral,98856,1466624,0.06740377901902601,1.4261632630408616
H,H175,175,59,CDR2,A,TCAAT,neutral,67018,1466079,0.04571240703945695,0.9672062387843551
H,H176,176,59,CDR2,A,CAATC,WA,67018,1466079,0.04571240703945695,0.9672062387843551
H,H177,177,59,CDR2,T,AATCC,neutral,67018,1466079,0.04571240703945695,0.9672062387843551
H,H178,178,60,CDR2,C,ATCCT,neutral,100098,1465701,0.06829360149170943,1.4449905771712914
H,H179,179,60,CDR2,C,TCCTA,neutral,100098,1465701,0.06829360149170943,1.4449905771712914
H,H180,180,60,CDR2,T,CCTAA,TW,100098,1465701,0.06829360149170943,1.4449905771712914
H,H181,181,61,CDR2,A,CTAAT,WA,50286,1129312,0.044527995806296225,0.9421458665967667
H,H182,182,61,CDR2,A,TAATG,WA,50286,1129312,0.044527995806296225,0.9421458665967667
H,H183,183,61,CDR2,T,AATGC,neutral,50286,1129312,0.044527995806296225,0.9421458665967667
H,H184,184,62,CDR2,G,ATGCT,WRC,1627,51199,0.03177796441336745,0.6723742508231163
H,H185,185,62,CDR2,C,TGCTN,edge,1627,51199,0.03177796441336745,0.6723742508231163
H,H186,186,62,CDR2,T,GCTNN,edge,1627,51199,0.03177796441336745,0.6723742508231163
H,H187,187,63,CDR2,"",CTNNN,edge,0,0,0.0,0.0
H,H188,188,63,CDR2,"",TNNNT,edge,0,0,0.0,0.0
H,H189,189,63,CDR2,"",NNNTA,edge,0,0,0.0,0.0
H,H190,190,64,CDR2,T,NNTAC,edge,4725,71823,0.06578672570068084,1.3919488306964787
H,H191,191,64,CDR2,A,NTACN,edge,4725,71823,0.06578672570068084,1.3919488306964787
H,H192,192,64,CDR2,C,TACNN,edge,4725,71823,0.06578672570068084,1.3919488306964787
