nt_col,aho_aa_pos,region,consensus_codon,n_valid,n_R_obs,n_S_obs,dN_obs,dS_obs,e_dN_frac,e_dS_frac,s5f_weight,omega
H1,1,FR1,CAG,1469735,46449,41731,0.03160365644146734,0.028393553939995986,0.875,0.125,0.6007651815035656,0.15900820561624282
H4,2,FR1,GTG,1469736,91758,44089,0.06243162037263835,0.029997904385549515,0.6666666666666666,0.3333333333333333,0.6347108400377233,1.0405996960693142
H7,3,FR1,CAG,1469734,132595,146225,0.09021700525401195,0.09949079221137974,0.875,0.125,2.1050765243095713,0.12954106929145398
H10,4,FR1,CTG,1469730,48523,170227,0.03301490750001701,0.11582195369217475,0.5555555555555556,0.4444444444444444,2.4506195025470903,0.22803903023609648
H13,5,FR1,GTG,1469727,68905,40885,0.046882856476066645,0.027818091387039907,0.6666666666666666,0.3333333333333333,0.5885892536219848,0.8426684603155191
H16,6,FR1,GAG,1469729,31674,49580,0.021550911766727063,0.033734110165887725,0.875,0.125,0.7137633724717759,0.09126375842793753
H19,7,FR1,TCT,1469728,10860,42051,0.007389122341004594,0.028611416534215856,0.6666666666666666,0.3333333333333333,0.6053748285113313,0.12912891488906328
H25,9,FR1,GGG,1469716,12516,21221,0.008515930968976319,0.014438843967133786,0.6666666666666666,0.3333333333333333,0.3055043667639592,0.2948965647236228
H28,10,FR1,GGA,1469713,65474,30025,0.04454883368385528,0.020429158618043116,0.625,0.375,0.4322504752688081,1.3083896752706075
H31,11,FR1,GGC,1469706,90535,57036,0.06160075552525471,0.038807761552310464,0.6666666666666666,0.3333333333333333,0.8211142557916857,0.7936654043060523
H34,12,FR1,GTG,1469676,63109,47499,0.042940757010388686,0.03231936835057523,0.6666666666666666,0.3333333333333333,0.6838295492789116,0.6643192488262911
H37,13,FR1,AAG,1469669,89694,52943,0.06103006867532757,0.03602375773048217,0.875,0.125,0.7622088942134256,0.24202309222047427
H40,14,FR1,AAG,1469649,118653,17048,0.08073560421570049,0.011600048719115925,0.875,0.125,0.24543970046572014,0.994276664208621
H43,15,FR1,CCT,1469619,45186,132833,0.03074674456440751,0.0903860116125336,0.6666666666666666,0.3333333333333333,1.9124329693472253,0.17008574676473465
H46,16,FR1,GGG,1469625,9596,18877,0.0065295568597431315,0.012844773326528877,0.6666666666666666,0.3333333333333333,0.2717762135445229,0.25417174339142873
H49,17,FR1,GGG,1469634,63625,13639,0.04329309202155095,0.00928054195806575,0.6666666666666666,0.3333333333333333,0.19636240273659855,2.3324657232934967
H52,18,FR1,TCC,1469652,14399,29031,0.009797557517017634,0.019753655967535172,0.6666666666666666,0.3333333333333333,0.41795784838257327,0.24799352416382486
H55,19,FR1,CTG,1469637,20774,43687,0.014135463383134747,0.029726388216954256,0.5555555555555556,0.4444444444444444,0.6289659635544201,0.3804152264975851
H58,20,FR1,AGA,1469623,102283,46604,0.06959812142297718,0.03171153418257608,0.75,0.25,0.6709686863860952,0.7315752582038736
H61,21,FR1,CTC,1469597,50035,29995,0.034046748870608746,0.020410357397300075,0.6666666666666666,0.3333333333333333,0.43185266952684104,0.8340556759459911
H64,22,FR1,TCC,1469594,31442,53054,0.021395024748331853,0.036101127250111255,0.6666666666666666,0.3333333333333333,0.7638459176589949,0.29632072982244506
H67,23,FR1,TGT,1469583,550,46675,0.00037425582631263424,0.03176071035116764,0.875,0.125,0.6720091806444749,0.0016833728670900606
H70,24,FR1,GCA,1468868,247081,22519,0.16821184749072074,0.01533085341909552,0.6666666666666666,0.3333333333333333,0.32437795410857895,5.486056219192681
H73,25,FR1,GCC,1468749,175723,68533,0.11964127294724966,0.04666079772650058,0.6666666666666666,0.3333333333333333,0.9872727688299467,1.282032013774386
H115,39,FR2,TAT,1467476,321617,77159,0.21916337984403153,0.05257939482485574,0.8571428571428571,0.14285714285714285,1.1125014410685132,0.6947061695114418
H118,40,FR2,TGG,1467767,266615,62247,0.1816466782534285,0.04240931973535309,1.0,0.0,0.8973178462299866,
H121,41,FR2,ATG,1468032,239498,13675,0.16314222033307177,0.009315192039410586,1.0,0.0,0.19709554669075924,
H124,42,FR2,AGC,1468063,355841,110179,0.24238809914833356,0.07505059387778318,0.8888888888888888,0.1111111111111111,1.5879584411384597,0.4037078299857505
H127,43,FR2,TGG,1468106,1950,0,0.0013282419661795539,0.0,1.0,0.0,0.0,
H130,44,FR2,GTC,1467434,77360,19776,0.05271787351253958,0.01347658565904838,0.6666666666666666,0.3333333333333333,0.2851444185752991,1.9559061488673142
H133,45,FR2,CGC,1467392,1506,58719,0.0010263106245638521,0.040015892140614094,0.6666666666666666,0.3333333333333333,0.8466764940974673,0.012823787871046852
H136,46,FR2,CAG,1467388,31132,15282,0.021215929256611067,0.010414423451738736,0.875,0.125,0.22035364112787412,0.29102398713706135
H139,47,FR2,GCT,1467388,158172,17832,0.10779153161944897,0.012152205142743433,0.6666666666666666,0.3333333333333333,0.2571225054699811,4.435060565275909
H142,48,FR2,CCA,1467376,24600,61481,0.016764619293214555,0.04189859994984244,0.6666666666666666,0.3333333333333333,0.886511778582091,0.20006180771295196
H145,49,FR2,GGG,1467358,21693,70241,0.014783713313315495,0.04786902719036527,0.6666666666666666,0.3333333333333333,1.0128370991948805,0.15441835964749934
H193,65,FR3,AGT,1465829,296318,79914,0.202150455476048,0.054517955368600296,0.8888888888888888,0.1111111111111111,1.153518485971717,0.4634951322671872
H196,66,FR3,GGT,1465939,318907,122132,0.21754452265749122,0.08331315286652446,0.6666666666666666,0.3333333333333333,1.7627818451070218,1.3055833033111717
H199,67,FR3,AGC,1466057,600205,89027,0.4094008623129933,0.0607254697464014,0.8888888888888888,0.1111111111111111,1.2848602162019904,0.8427288912352432
H202,68,FR3,ACA,1466700,291923,77716,0.19903388559350924,0.05298697756869162,0.6666666666666666,0.3333333333333333,1.1211252830009373,1.8781396366256626
H205,69,FR3,TAC,1466780,493521,116419,0.3364655912952181,0.07937045773735665,0.8571428571428571,0.14285714285714285,1.679360306546074,0.7065298619641124
H208,70,FR3,TAC,1467288,128220,98024,0.08738570750936421,0.06680624390031133,0.8571428571428571,0.14285714285714285,1.413520312644162,0.21800783481596342
H211,71,FR3,GCA,1467284,179965,94828,0.1226517838400746,0.06462825192668904,0.6666666666666666,0.3333333333333333,1.3674372563944346,0.948902222972118
H214,72,FR3,GAC,1467543,128728,34192,0.08771668019267578,0.023298806236001262,0.8888888888888888,0.1111111111111111,0.49296793162165464,0.4706071595694899
H217,73,FR3,TCC,1467860,137747,64500,0.09384205578188655,0.043941520308476284,0.6666666666666666,0.3333333333333333,0.9297369212551664,1.0678062015503875
H220,74,FR3,GTG,1468018,109467,47549,0.07456788676978075,0.032389929823748755,0.6666666666666666,0.3333333333333333,0.6853225246326781,1.1510967633388716
H223,75,FR3,AAG,1468099,218590,19190,0.14889322859017,0.013071325571368144,0.875,0.125,0.2765697205770885,1.6272612223628378
H226,76,FR3,GGC,1468376,87188,30750,0.05937716225272001,0.020941502721373816,0.6666666666666666,0.3333333333333333,0.44309091105505094,1.417691056910569
H229,77,FR3,CGA,1469072,22481,103589,0.015302857858566497,0.07051322195236176,0.5,0.5,1.4919544300137655,0.21702111228026144
H232,78,FR3,GTC,1469211,105491,21079,0.07180112318788792,0.014347156398910708,0.6666666666666666,0.3333333333333333,0.3035643948012537,2.5022771478722903
H235,79,FR3,ACC,1469230,146773,38771,0.09989790570570979,0.02638865255950396,0.6666666666666666,0.3333333333333333,0.5583444636077554,1.8928193753062854
H238,80,FR3,ATC,1469254,206968,63005,0.14086604494525792,0.04288230625882251,0.7777777777777778,0.2222222222222222,0.9073255344264464,0.9385558969242802
H241,81,FR3,TCC,1469273,57451,61215,0.03910165095254592,0.04166346213399416,0.6666666666666666,0.3333333333333333,0.8815366136937866,0.46925590133137296
H244,82,FR3,AGA,1469209,191831,75057,0.13056753668130266,0.051086673169031774,0.75,0.25,1.0809176809520256,0.8519347518108459
H247,83,FR3,GAC,1469230,43920,12294,0.029893209368172444,0.008367648360025319,0.8888888888888888,0.1111111111111111,0.17704693806179214,0.4465592972181552
H250,84,FR3,AAT,1468992,177464,65504,0.120806648368405,0.04459112098636344,0.8888888888888888,0.1111111111111111,0.9434815010981986,0.3386510747435271
H253,85,FR3,TCC,1468896,82315,49265,0.056038684835413806,0.03353879376075638,0.6666666666666666,0.3333333333333333,0.7096307691411985,0.8354308332487567
H256,86,FR3,AAG,1468734,218547,35108,0.14879957841242866,0.023903579545377175,0.875,0.125,0.5057640313189151,0.8892844935627207
H259,87,FR3,AAC,1469029,298992,113135,0.20353035916921994,0.07701345582694419,0.8888888888888888,0.1111111111111111,1.629489667474064,0.33034869845759496
H262,88,FR3,ACG,1469231,99759,181746,0.06789878514678767,0.1237014465390398,0.6666666666666666,0.3333333333333333,2.61733779925298,0.274446205143442
H265,89,FR3,CTG,1469362,207520,132280,0.14123136436085865,0.09002546683526592,0.5555555555555556,0.4444444444444444,1.904804380512833,1.25503477472029
H268,90,FR3,TAT,1469493,182384,44560,0.1241135548110811,0.030323383643202112,0.8571428571428571,0.14285714285714285,0.6415974948648201,0.6821663674446439
H271,91,FR3,CTG,1469552,48657,145748,0.033110090694306836,0.0991785251559659,0.5555555555555556,0.4444444444444444,2.098469419942864,0.26707467683947633
H274,92,FR3,CAA,1469555,201528,137917,0.1371353913259456,0.09384949865775694,0.875,0.125,1.98571518078705,0.20874666854495302
H277,93,FR3,ATG,1469508,101011,94751,0.0687379721648334,0.06447804299125966,1.0,0.0,1.3642590597323545,
H280,94,FR3,AAC,1469480,348462,69180,0.23713286332580233,0.04707787788877698,0.8888888888888888,0.1111111111111111,0.9960975619474636,0.6296292281006072
H283,95,FR3,AGC,1469575,169349,61960,0.11523671809877005,0.04216184951431536,0.8888888888888888,0.1111111111111111,0.8920817460724421,0.34164985474499676
H286,96,FR3,CTG,1469670,34381,70773,0.02339368701817415,0.04815570842434016,0.5555555555555556,0.4444444444444444,1.018902845805064,0.3886340836194594
H289,97,FR3,AGA,1469665,212403,42786,0.1445247726522711,0.02911275698883759,0.75,0.25,0.6159824435303038,1.6547702519515728
H292,98,FR3,GCC,1469689,257111,22114,0.17494245381165674,0.015046720768815715,0.6666666666666666,0.3333333333333333,0.3183661317218087,5.8133083114768915
H295,99,FR3,GAG,1469683,143316,82567,0.09751490627570708,0.0561801422483624,0.875,0.125,1.1886878770463047,0.24796485624661532
H298,100,FR3,GAC,1469694,3211,15812,0.0021848085383760155,0.010758702151604347,0.8888888888888888,0.1111111111111111,0.2276380640658998,0.025384201871995953
H301,101,FR3,ACG,1469721,61583,20879,0.04190114994614624,0.0142060976198884,0.6666666666666666,0.3333333333333333,0.3005798017784466,1.4747593275540016
H304,102,FR3,GCC,1469721,48257,18123,0.032834122938979575,0.012330911785298026,0.6666666666666666,0.3333333333333333,0.2609036710393596,1.3313744964961651
H307,103,FR3,GTG,1469723,283903,399956,0.19316769214334947,0.2721301905188937,0.6666666666666666,0.3333333333333333,5.757868269860768,0.35491779095700526
H310,104,FR3,TAT,1469714,21894,70218,0.01489677583529857,0.04777664225828971,0.8571428571428571,0.14285714285714285,1.0108823720549156,0.05196673217693469
H313,105,FR3,TAC,1469729,156478,190721,0.10646724668289188,0.12976609973675418,0.8571428571428571,0.14285714285714285,2.7456568003467035,0.1367425016996905
H316,106,FR3,TGT,1469730,75,31453,0.00005102978098018003,0.021400529348928034,0.875,0.125,0.4528032287099792,0.0003406443173714976
H319,107,FR3,GCG,1469731,192250,42423,0.13080624957900458,0.02886446567433088,0.6666666666666666,0.3333333333333333,0.6107289702616664,2.265869929047922
H322,108,FR3,AGA,1469733,69999,131803,0.0476270179685698,0.08967819325006651,0.75,0.25,1.8974565902754919,0.17702935441530163
H76,26,CDR1,TCT,1468681,36979,54274,0.02517837433724546,0.03695424670163228,0.6666666666666666,0.3333333333333333,0.7818966506958093,0.34066956553782657
H79,27,CDR1,GGA,1468446,49058,82550,0.033408106256546034,0.056215890812464336,0.625,0.375,1.1894442632544764,0.35656935190793454
H85,29,CDR1,TTC,1468153,129986,40288,0.08853709388599144,0.027441281664785617,0.8888888888888888,0.1111111111111111,0.5806165228514444,0.40330247220015886
H88,30,CDR1,ACC,1468057,317199,91308,0.2160672235478595,0.06219649509521769,0.6666666666666666,0.3333333333333333,1.3159849148763998,1.7369726639505847
H91,31,CDR1,TTC,1468051,112276,58647,0.07647963183840344,0.03994888460959463,0.8888888888888888,0.1111111111111111,0.8452587148501042,0.23930465326444658
H94,32,CDR1,AGT,1467409,407590,89802,0.27776168743683594,0.06119766200152786,0.8888888888888888,0.1111111111111111,1.2948510988669473,0.5673453820627602
H97,33,CDR1,AGC,1467643,731431,149717,0.4983711979003068,0.10201186528331481,0.8888888888888888,0.1111111111111111,2.158418664037679,0.6106779791206076
H100,34,CDR1,AGT,190827,75718,7376,0.3967887143852809,0.038652811185000024,0.8888888888888888,0.1111111111111111,0.8178357375146844,1.2831819414316705
H112,38,CDR1,AGT,216046,82044,9394,0.3797524601242328,0.04348148079575646,0.8888888888888888,0.1111111111111111,0.9200031724633807,1.0917074728550138
H148,50,CDR2,AAG,1467379,103581,30644,0.0705891252362205,0.020883493630479925,0.875,0.125,0.44186352535710793,0.482877095492942
H151,51,CDR2,GGG,1467392,38005,145545,0.025899691425331474,0.09918617520062806,0.6666666666666666,0.3333333333333333,2.098631283458776,0.1305609948813082
H154,52,CDR2,CTG,1467407,53161,41479,0.03622784953322425,0.028266868019574665,0.5555555555555556,0.4444444444444444,0.5980846966957567,1.0253091926034859
H157,53,CDR2,GAG,1467405,54508,61310,0.037145845898030876,0.041781239671392696,0.875,0.125,0.8840286104259253,0.1270079455693548
H160,54,CDR2,TGG,1467416,39104,208,0.0266482033724588,0.0001417457626194617,1.0,0.0,0.0029991285693718363,
H163,55,CDR2,ATG,1467389,121906,22933,0.08307681194284543,0.015628439357252916,1.0,0.0,0.33067442796767565,
H166,56,CDR2,TCA,1467290,77443,172543,0.05277961411854507,0.11759297753000429,0.5714285714285714,0.42857142857142855,2.488091721052364,0.3366247833873295
H169,57,CDR2,TGG,1466910,346923,81097,0.23649917172832688,0.055284236933417864,1.0,0.0,1.1697318590613741,
H172,58,CDR2,ATC,1466624,193774,98856,0.13212247992668877,0.06740377901902601,0.7777777777777778,0.2222222222222222,1.4261632630408616,0.5600469369588087
H175,59,CDR2,TAT,1466079,350082,67018,0.23878795071752615,0.04571240703945695,0.8571428571428571,0.14285714285714285,0.9672062387843551,0.8706168492046912
H178,60,CDR2,CCT,1465701,426982,100098,0.2913158959433063,0.06829360149170943,0.6666666666666666,0.3333333333333333,1.4449905771712916,2.132819836560171
H181,61,CDR2,AGT,1129312,291717,50286,0.2583139114788473,0.044527995806296225,0.8888888888888888,0.1111111111111111,0.9421458665967667,0.7251446724734519
H184,62,CDR2,GCT,51199,24498,1627,0.4784859079278892,0.03177796441336745,0.6666666666666666,0.3333333333333333,0.6723742508231162,7.528580208973571
H190,64,CDR2,GAT,71823,14866,4725,0.20698105063837488,0.06578672570068084,0.8888888888888888,0.1111111111111111,1.3919488306964787,0.3932804232804233
