VH_aa_pos,VL_aa_pos,MI_corrected,n_valid
2,2,0.0001812099617838956,1517881
2,36,0.0012429299583594964,103744
2,46,0.00017813922588394258,1514523
2,48,0.0004165230889085368,1514439
2,49,0.000196853863889835,1514435
2,64,,0
2,66,0.0032360006046980292,4672
2,68,0.0002654040692965614,1514043
2,71,0.00038320440149212215,1514111
47,2,0.0007793097854833612,1515460
47,36,0.001993724231951958,103598
47,46,0.000241996690283342,1512109
47,48,0.00018627075238340736,1512025
47,49,0.00014246183549741765,1512022
47,64,,0
47,66,0.0014182802275181216,4668
47,68,0.00042091406411998904,1511630
47,71,0.0008576412351687352,1511698
48,2,0.00014715406448605867,1515447
48,36,0.0006255626833346957,103597
48,46,0.00007689968515683152,1512096
48,48,0.00006848335402890191,1512012
48,49,0.00009456703685895327,1512009
48,64,,0
48,66,0.006351285178009888,4668
48,68,0.00011634828336220107,1511617
48,71,0.00026874551506306005,1511685
67,2,0.0006855552450217333,1514081
67,36,0.0016588203916619504,103524
67,46,0.00026949792901743443,1510733
67,48,0.0003070139130461912,1510649
67,49,0.00016264902976746644,1510646
67,64,,0
67,66,0.007249038283082157,4662
67,68,0.000519917185155446,1510254
67,71,0.0008867363731592909,1510322
69,2,0.0008327446924673542,1514846
69,36,0.002060147332917233,103563
69,46,0.00023498686906088653,1511497
69,48,0.0003236544887465002,1511413
69,49,0.00023592228727482308,1511410
69,64,,0
69,66,0.011908206230778574,4667
69,68,0.0003980942267807721,1511018
69,71,0.0008883382330152984,1511086
71,2,0.0005653229162689024,1515356
71,36,0.0016082429517511444,103593
71,46,0.00019315356532430148,1512006
71,48,0.0001308509479107502,1511922
71,49,0.00011626229789773039,1511919
71,64,,0
71,66,0.0038719453937583054,4668
71,68,0.0003754253869874283,1511527
71,71,0.0007990838611959467,1511595
78,2,0.0005207716735173806,1517341
78,36,0.001716190985975369,103709
78,46,0.0001876839921899692,1513984
78,48,0.00015781652777480077,1513900
78,49,0.00010442935333283619,1513897
78,64,,0
78,66,0.0037574918317809917,4671
78,68,0.00031478042812011983,1513507
78,71,0.0006586837248422673,1513575
93,2,0.00028836492473844407,1517732
93,36,0.001129198025703305,103738
93,46,0.00007045825738873933,1514375
93,48,0.00008186668754466105,1514291
93,49,0.00012017505226789092,1514288
93,64,,0
93,66,0.0036273679767174407,4671
93,68,0.00017094909205544334,1513896
93,71,0.0005464360910745432,1513964
94,2,0.0007487909526182468,1517645
94,36,0.0012356532751172976,103735
94,46,0.0004219778973436576,1514288
94,48,0.00042930310948699436,1514204
94,49,0.0001966217447745223,1514200
94,64,,0
94,66,0.007794454940545869,4671
94,68,0.0006427876568359265,1513808
94,71,0.0010962662209055515,1513876
